Occupations,"Stats
(on 38 Lists and Sub-lists)","ANZSCO
Code",Caveats,"Assessing authority
",MLTSSL List,STSOL List,ROL List,PMSOL List,TSS(1),ENS - SC186(2),RSMS - SC187 Transitional(3),SC 189(4),SC 190(4),SC 491 S/T 0minated(4),SC 491 Family Sponsored(4),SC 494(5),SC 485(4),SC 407(6),190 (ACT),491 (ACT),190 (NSW),491*(NSW),491 (NSW_Central Coast),491 (NSW_Central West),"491 (NSW_Far
South Coast)",491 (NSW_Far West),491 (NSW_Hunter),491 (NSW_Illawara),"491 (NSW_Mid
0rth Coast)",491 (NSW_0rth. Inland),491 (NSW_0rth. Rivers),491 (NSW_Orana),491 (NSW_Rivarina),491 (NSW_South. Inland),491 (NSW_Sydney),190 (NT),491 (NT),190(QLD),491(QLD),190(SA),491(SA),190(TAS),491(TAS),190(VC),491(VC),190(WA),491(WA)
Chief Executive or Managing Director,8,111111,SC482 & 186,IML,1,,,1,1,1,1,,,,,1,,1,,,,,,,,,,,,,,,,,,,,1,,,,,,,,,
Corporate General Manager,6,111211,SC482 & 186,IML,1,,,,1,1,1,,,,,1,,1,,,,,,,,,,,,,,,,,,,,,,,,,,,,,
Defence Force Senior Officer,2,111212,-,-,,,1,,,,1,,,,,,,,,,,,,,,,,,,,,,,,,,,,,,,,,,,,
Local Government Legislator,2,111311,-,-,,,1,,,,1,,,,,,,,,,,,,,,,,,,,,,,,,,,,,,,,,,,,
Member of Parliament,2,111312,-,-,,,1,,,,1,,,,,,,,,,,,,,,,,,,,,,,,,,,,,,,,,,,,
Legislators (nec),2,111399,-,-,,,1,,,,1,,,,,,,,,,,,,,,,,,,,,,,,,,,,,,,,,,,,
Aquaculture farmer,10,121111,SC482,VETASSESS,,,1,,1,,1,,,1,,1,,1,,,,,,,,,,,,,,,,,,,1,,,,1,,1,,1,,
Cotton grower,8,121211,SC482,VETASSESS,,,1,,1,,1,,,1,,1,,1,,,,,,,,,,,,,,,,,,,,,,,,,1,,1,,
Flower grower,14,121212,SC482,VETASSESS,,1,1,,1,,1,,1,1,,1,,1,,,,,,,,,,,,,,,,,,,,,,1,1,1,1,1,1,,
Fruit or Nut grower,11,121213,SC482,VETASSESS,,,1,,1,,1,,,1,,1,,1,,,,,,,,,,,,,,,,,,1,1,,,,1,,1,,1,,
"Grain, Oilseed or Pasture Grower (Aus)",10,121214,SC482,VETASSESS,,,1,,1,,1,,,1,,1,,1,,,,,,,,,,,,,,,,,,,,,,,1,,1,,1,,1
Grape grower,14,121215,SC482,VETASSESS,,1,1,,1,,1,,1,1,,1,,1,,,,,,,,,,,,,,,,,,,,,,1,1,1,1,1,1,,
Mixed Crop Farmer,11,121216,SC482,VETASSESS,,,1,,1,,1,,,1,,1,,1,,,,,,,,,,,,,,,,,,,1,,,,1,,1,,1,,1
Sugar Cane grower,8,121217,SC482,VETASSESS,,,1,,1,,1,,,1,,1,,1,,,,,,,,,,,,,,,,,,,,,,,,,1,,1,,
Turf grower,3,121218,-,VETASSESS,,,1,,,,1,,,,,1,,,,,,,,,,,,,,,,,,,,,,,,,,,,,,,
Vegetable grower (Aus) \ Market gardener (NZ),16,121221,SC482,VETASSESS,,1,1,,1,,1,,1,1,,1,,1,,,,,,,,,,,,,,,,,,1,1,,,1,1,1,1,1,1,,
Crop farmers (nec),9,121299,SC482,VETASSESS,,,1,,1,,1,,,1,,1,,1,,,,,,,,,,,,,,,,,,,,,,,1,,1,,1,,
Apiarist,14,121311,SC482,VETASSESS,,1,1,,1,,1,,1,1,,1,,1,,,,,,,,,,,,,,,,,,,,,,1,1,1,1,1,1,,
Beef cattle farmer,11,121312,SC482,VETASSESS,,,1,,1,,1,,,1,,1,,1,,,,,,,,,,,,,,,,,,,1,,,,1,,1,,1,,1
Dairy cattle farmer,10,121313,SC482,VETASSESS,,,1,,1,,1,,,1,,1,,1,,,,,,,,,,,,,,,,,,,,,,,1,,1,,1,,1
Deer farmer,9,121314,-,VETASSESS,,,1,,1,,1,,,1,,1,,1,,,,,,,,,,,,,,,,,,,,,,,1,,1,,1,,
Goat farmer,9,121315,-,VETASSESS,,,1,,1,,1,,,1,,1,,1,,,,,,,,,,,,,,,,,,,,,,,1,,1,,1,,
Horse Breeder,9,121316,SC482,VETASSESS,,,1,,1,,1,,,1,,1,,1,,,,,,,,,,,,,,,,,,,,,,,1,,1,,1,,
Mixed Livestock Farmer,10,121317,SC482,VETASSESS,,,1,,1,,1,,,1,,1,,1,,,,,,,,,,,,,,,,,,,,,,,1,,1,,1,,1
Pig Farmer,9,121318,SC482,VETASSESS,,,1,,1,,1,,,1,,1,,1,,,,,,,,,,,,,,,,,,,,,,,1,,1,,1,,
Poultry farmer,14,121321,SC482,VETASSESS,,1,1,,1,,1,,1,1,,1,,1,,,,,,,,,,,,,,,,,,,,,,1,1,1,1,1,1,,
Sheep farmer,10,121322,SC482,VETASSESS,,,1,,1,,1,,,1,,1,,1,,,,,,,,,,,,,,,,,,,,,,,1,,1,,1,,1
Livestock farmers (nec),9,121399,SC482,VETASSESS,,,1,,1,,1,,,1,,1,,1,,,,,,,,,,,,,,,,,,,,,,,1,,1,,1,,
Mixed Crop and Livestock farmer,10,121411,SC482,VETASSESS,,,1,,1,,1,,,1,,1,,1,,,,,,,,,,,,,,,,,,,,,,,1,,1,,1,,1
Sales and Marketing Manager,16,131112,SC482,IML,,1,1,,1,,1,,1,1,,1,,1,,,,,,,,,,,,,,,,,,1,1,,,1,1,1,1,1,1,,
Advertising Manager,14,131113,-,IML,,1,1,,1,,1,,1,1,,1,,1,,,,,,,,,,,,,,,,,,,,,,1,1,1,1,1,1,,
Public Relations Manager,9,131114,SC482,IML,,,1,,1,,1,,,1,,1,,1,,,,,,,,,,,,,,,,,,,,,,,1,,1,,1,,
Corporate Services Manager,16,132111,SC482,VETASSESS,,1,1,,1,,1,,1,1,,1,,1,,,,,,,,,,,,,,,,,,1,1,,,1,1,1,1,1,1,,
Finance Manager,16,132211,-,CPAA; CAANZ; IPA,,1,1,,1,,1,,1,1,,1,,1,,,,,,,,,,,,,,,,,,,,,,1,1,1,1,1,1,1,1
Human Resource Manager,19,132311,-,IML,,1,1,,1,,1,,1,1,,1,,1,,,,,,,,1,,,,,,,,,,1,1,,,1,1,1,1,1,1,1,1
Policy and Planning Manager,10,132411,SC482,VETASSESS,,,1,,1,,1,,,1,,1,,1,,1,,,,,,,,,,,,,,,,,,,,,1,,1,,1,,
Research and Development Manager,17,132511,-,VETASSESS,,1,1,,1,,1,,1,1,,1,,1,,,,,,,1,,,,,,,,,,,,,,,1,1,1,1,1,1,1,1
Construction Project Manager,27,133111,-,VETASSESS,1,,,1,1,1,1,1,1,1,1,1,1,1,,,,,,1,,,,1,,,,,1,1,,1,1,1,,1,1,1,1,1,1,1,1
Project Builder,10,133112,SC482,VETASSESS,,,1,,1,,1,,,1,,1,,1,,,,,,,,,,,,,,,,,,,,,,,1,,1,,1,,1
Engineering Manager,32,133211,-,EA or IML,1,,,,1,1,1,1,1,1,1,1,1,1,,,1,,1,1,1,1,0,1,,0,,0,0,1,,1,1,,,1,1,1,1,1,1,1,1
Importer or Exporter,3,133311,-,VETASSESS,,,1,,,,1,,,,,1,,,,,,,,,,,,,,,,,,,,,,,,,,,,,,,
Wholesaler,3,133312,-,VETASSESS,,,1,,,,1,,,,,1,,,,,,,,,,,,,,,,,,,,,,,,,,,,,,,
Manufacturer,14,133411,-,VETASSESS,,1,1,,1,,1,,1,1,,1,,1,,,,,,,,,,,,,,,,,,,,,,1,1,1,1,1,1,,
Production Manager (Forestry),16,133511,-,VETASSESS,,1,1,,1,,1,,1,1,,1,,1,,,,,,,,,,,,,,,,,,1,1,,,1,1,1,1,1,1,,
Production Manager (Manufacturing),24,133512,-,VETASSESS,,1,1,,1,,1,,1,1,,1,,1,1,1,,,1,1,1,,,1,1,,1,,1,1,,,,,,1,1,1,1,1,1,,
Production Manager (Mining),16,133513,-,VETASSESS,,1,1,,1,,1,,1,1,,1,,1,,,,,,,,,,,,,,,,,,1,1,,,1,1,1,1,1,1,,
Supply and Distribution Manager,18,133611,SC482,IML,,1,1,,1,,1,,1,1,,1,,1,,,,,,,,,,,,,,,,,,1,1,,,1,1,1,1,1,1,1,1
Procurement Manager,9,133612,SC482,IML,,,1,,1,,1,,,1,,1,,1,,,,,,,,,,,,,,,,,,,,,,,1,,1,,1,,
Child Care Centre Manager,22,134111,-,ACECQA,1,,,,1,1,1,1,1,1,1,1,1,1,,,,,,,,1,,,,1,,,,1,,1,1,,,1,1,1,1,1,1,,
"Medical Administrator (Aus) \ Medical
Superintendent (NZ)",11,134211,SC482,VETASSESS,,,1,,1,,1,,,1,,1,,1,,,1,,,,,,,,,,,,,,,,,,,,1,,1,,1,,1
Nursing Clinical Director,20,134212,-,ANMAC,1,,,,1,1,1,1,1,1,1,1,1,1,,,1,,1,,,,,,,,,,,1,,,,,,1,1,1,1,1,1,,
Primary Health Organisation Manager,17,134213,-,VETASSESS,1,,,,1,1,1,1,1,1,1,1,1,1,,,,,,,,,,,,,,,,,,,,,,1,1,1,1,1,1,,
Welfare Centre Manager,20,134214,-,ACWA,1,,,,1,1,1,1,1,1,1,1,1,1,,,1,,,,,,,,,,,,,,,1,1,,,1,1,1,1,1,1,,
Health and Welfare Services Managers nec,18,134299,-,VETASSESS,,1,1,,1,,1,,1,1,,1,,1,,,,,,,1,,,,,,,,,1,,1,1,,,1,1,1,1,1,1,,
School Principal,14,134311,-,VETASSESS,,1,1,,1,,1,,1,1,,1,,1,,,,,,,,,,,,,,,,,,,,,,1,1,1,1,1,1,,
Faculty Head,6,134411,-,VETASSESS,1,,,,1,1,1,,,,,1,,1,,,,,,,,,,,,,,,,,,,,,,,,,,,,,
Regional Education Manager,9,134412,SC482,VETASSESS,,,1,,1,,1,,,1,,1,,1,,,,,,,,,,,,,,,,,,,,,,,1,,1,,1,,
Education Managers (nec),16,134499,-,VETASSESS,,1,1,,1,,1,,1,1,,1,,1,,,,,,,,,,,,,,,,,,1,1,,,1,1,1,1,1,1,,
Chief Information Officer,6,135111,-,"ACS(186)
ACWA (494)",1,,,,1,1,1,,,,,1,,1,,,,,,,,,,,,,,,,,,,,,,,,,,,,,
ICT Project Manager,23,135112,-,ACS,,1,1,,1,,1,,1,1,,1,,1,1,1,,,,1,,1,,,,,,,,1,,1,1,,,1,1,1,1,1,1,1,1
ICT Managers (nec),18,135199,-,ACS,,1,1,,1,,1,,1,1,,1,,1,1,1,,,,,,,,,,,,,,,,1,1,,,1,1,1,1,1,1,,
Commissioned Defence Force Officer,2,139111,-,-,,,1,,,,1,,,,,,,,,,,,,,,,,,,,,,,,,,,,,,,,,,,,
Commissioned Fire Officer,2,139112,-,-,,,1,,,,1,,,,,,,,,,,,,,,,,,,,,,,,,,,,,,,,,,,,
Commissioned Police Officer,2,139113,-,-,,,1,,,,1,,,,,,,,,,,,,,,,,,,,,,,,,,,,,,,,,,,,
Senior 0n-commissioned Defence Force Member,2,139211,-,-,,,1,,,,1,,,,,,,,,,,,,,,,,,,,,,,,,,,,,,,,,,,,
Arts Administrator or Manager,21,139911,-,VETASSESS,1,,,,1,1,1,1,1,1,1,1,1,1,1,1,,,,,,,,,,,,,,,,1,1,,,1,1,1,1,1,1,,
Environmental Manager,23,139912,-,VETASSESS,1,,,,1,1,1,1,1,1,1,1,1,1,1,1,,,,,1,,,,,,,,,,1,,,,,1,1,1,1,1,1,1,1
Laboratory Manager,14,139913,-,VETASSESS,,1,1,,1,,1,,1,1,,1,,1,,,,,,,,,,,,,,,,,,,,,,1,1,1,1,1,1,,
Quality Assurance Manager,17,139914,-,VETASSESS,,1,1,,1,,1,,1,1,,1,,1,,,,,,,,,,,,,,,,1,,1,1,,,1,1,1,1,1,1,,
Sports Administrator,9,139915,SC482,VETASSESS,,,1,,1,,1,,,1,,1,,1,,,,,,,,,,,,,,,,,,,,,,,1,,1,,1,,
"Specialist Managers (nec) except: ambassador;
archbishop; bishop",16,139999,-,VETASSESS,,1,1,,1,,1,,1,1,,1,,1,,,,,,,,,,,,,,,,,,1,1,,,1,1,1,1,1,1,,
Cafe or Restaurant Manager,28,141111,SC482,VETASSESS,,1,1,,1,,1,,1,1,,1,,1,,,,,1,,1,1,,,1,1,1,1,1,1,1,1,1,,,1,1,1,1,1,1,1,1
Caravan Park and Camping Ground Manager,10,141211,SC482,VETASSESS,,,1,,1,,1,,,1,,1,,1,,,,,,,,,,,,,,,,,,,1,,,,1,,1,,1,,
Hotel or Motel Manager,25,141311,SC482,VETASSESS,,1,1,,1,,1,,1,1,,1,,1,,,,,,1,1,1,,,1,1,1,,,1,,1,1,,,1,1,1,1,1,1,1,1
Licensed Club Manager,3,141411,-,VETASSESS,,,1,,,,1,,,,,1,,,,,,,,,,,,,,,,,,,,,,,,,,,,,,,
Bed and Breakfast Operator,3,141911,-,VETASSESS,,,1,,,,1,,,,,1,,,,,,,,,,,,,,,,,,,,,,,,,,,,,,,
Retirement Village Manager,3,141912,-,VETASSESS,,,1,,,,1,,,,,1,,,,,,,,,,,,,,,,,,,,,,,,,,,,,,,
Accommodation and Hospitality Managers nec,16,141999,-,VETASSESS,,1,1,,1,,1,,1,1,,1,,1,,,,,,,,,,,,,,,,,,1,1,,,1,1,1,1,1,1,,
Retail Manager (General),3,142111,-,VETASSESS,,,1,,,,1,,,,,1,,,,,,,,,,,,,,,,,,,,,,,,,,,,,,,
Antique Dealer,3,142112,-,VETASSESS,,,1,,,,1,,,,,1,,,,,,,,,,,,,,,,,,,,,,,,,,,,,,,
Betting Agency Manager,3,142113,-,VETASSESS,,,1,,,,1,,,,,1,,,,,,,,,,,,,,,,,,,,,,,,,,,,,,,
Hair or Beauty Salon Manager,3,142114,-,VETASSESS,,,1,,,,1,,,,,1,,,,,,,,,,,,,,,,,,,,,,,,,,,,,,,
Post Office Manager,9,142115,SC482,VETASSESS,,,1,,1,,1,,,1,,1,,1,,,,,,,,,,,,,,,,,,,,,,,1,,1,,1,,
Travel Agency Manager,3,142116,-,VETASSESS,,,1,,,,1,,,,,1,,,,,,,,,,,,,,,,,,,,,,,,,,,,,,,
Amusement Centre Manager,9,149111,SC482,VETASSESS,,,1,,1,,1,,,1,,1,,1,,,,,,,,,,,,,,,,,,,,,,,1,,1,,1,,
Fitness Centre Manager,9,149112,SC482,VETASSESS,,,1,,1,,1,,,1,,1,,1,,,,,,,,,,,,,,,,,,,,,,,1,,1,,1,,
Sports Centre Manager,9,149113,SC482,VETASSESS,,,1,,1,,1,,,1,,1,,1,,,,,,,,,,,,,,,,,,,,,,,1,,1,,1,,
Call or Contact Centre Manager,4,149211,-,VETASSESS,,,1,,,,1,,,,,1,,,,1,,,,,,,,,,,,,,,,,,,,,,,,,,,
Customer Service Manager,18,149212,SC482,VETASSESS,,1,1,,1,,1,,1,1,,1,,1,1,1,,,,,,,,,,,,,,,,1,1,,,1,1,1,1,1,1,,
Conference and Event Organiser,18,149311,SC482,VETASSESS,,1,1,,1,,1,,1,1,,1,,1,,,,,,,,,,,,,,,,,,1,1,,,1,1,1,1,1,1,1,1
Fleet Manager,3,149411,-,VETASSESS,,,1,,,,1,,,,,1,,,,,,,,,,,,,,,,,,,,,,,,,,,,,,,
Railway Station Manager,3,149412,-,VETASSESS,,,1,,,,1,,,,,1,,,,,,,,,,,,,,,,,,,,,,,,,,,,,,,
Transport Company Manager,14,149413,SC482,VETASSESS,,1,1,,1,,1,,1,1,,1,,1,,,,,,,,,,,,,,,,,,,,,,1,1,1,1,1,1,,
Boarding Kennel or Cattery Operator,3,149911,-,VETASSESS,,,1,,,,1,,,,,1,,,,,,,,,,,,,,,,,,,,,,,,,,,,,,,
Cinema or Theatre Manager,9,149912,SC482,VETASSESS,,,1,,1,,1,,,1,,1,,1,,,,,,,,,,,,,,,,,,,,,,,1,,1,,1,,
Facilities Manager,16,149913,SC482,VETASSESS,,1,1,,1,,1,,1,1,,1,,1,,,,,,,,,,,,,,,,,,1,1,,,1,1,1,1,1,1,,
Financial Institution Branch Manager,9,149914,SC482,VETASSESS,,,1,,1,,1,,,1,,1,,1,,,,,,,,,,,,,,,,,,,,,,,1,,1,,1,,
Equipment Hire Manager,3,149915,-,VETASSESS,,,1,,,,1,,,,,1,,,,,,,,,,,,,,,,,,,,,,,,,,,,,,,
"Hospitality, Retail and Service Managers nec",3,149999,-,VETASSESS,,,1,,,,1,,,,,1,,,,,,,,,,,,,,,,,,,,,,,,,,,,,,,
Actor,3,211111,-,VETASSESS,,,1,,,,1,,,,,1,,,,,,,,,,,,,,,,,,,,,,,,,,,,,,,
Dancer or Choreographer,17,211112,-,VETASSESS,1,,,,1,1,1,1,1,1,1,1,1,1,,,,,,,,,,,,,,,,,,,,,,1,1,1,1,1,1,,
Entertainer or Variety Artist,3,211113,-,VETASSESS,,,1,,,,1,,,,,1,,,,,,,,,,,,,,,,,,,,,,,,,,,,,,,
"Actors, Dancers and Other Entertainers nec",3,211199,-,VETASSESS,,,1,,,,1,,,,,1,,,,,,,,,,,,,,,,,,,,,,,,,,,,,,,
Composer,3,211211,-,VETASSESS,,,1,,,,1,,,,,1,,,,,,,,,,,,,,,,,,,,,,,,,,,,,,,
,,,,,,,,,,,,,,,,,,,,,,,,,,,,,,,,,,,,,,,,,,,,,,,
Music Director,17,211212,-,VETASSESS,1,,,,1,1,1,1,1,1,1,1,1,1,,,,,,,,,,,,,,,,,,,,,,1,1,1,1,1,1,,
Musician (Instrumental),17,211213,-,VETASSESS,1,,,,1,1,1,1,1,1,1,1,1,1,,,,,,,,,,,,,,,,,,,,,,1,1,1,1,1,1,,
Singer,3,211214,-,VETASSESS,,,1,,,,1,,,,,1,,,,,,,,,,,,,,,,,,,,,,,,,,,,,,,
Music Professionals (nec),14,211299,-,VETASSESS,,1,1,,1,,1,,1,1,,1,,1,,,,,,,,,,,,,,,,,,,,,,1,1,1,1,1,1,,
Photographer,14,211311,-,VETASSESS,,1,1,,1,,1,,1,1,,1,,1,,,,,,,,,,,,,,,,,,,,,,1,1,1,1,1,1,,
Painter (Visual Arts),3,211411,-,VETASSESS,,,1,,,,1,,,,,1,,,,,,,,,,,,,,,,,,,,,,,,,,,,,,,
Potter or Ceramic Artist,3,211412,-,VETASSESS,,,1,,,,1,,,,,1,,,,,,,,,,,,,,,,,,,,,,,,,,,,,,,
Sculptor,3,211413,-,VETASSESS,,,1,,,,1,,,,,1,,,,,,,,,,,,,,,,,,,,,,,,,,,,,,,
Visual Arts and Crafts Professionals (nec),3,211499,-,VETASSESS,,,1,,,,1,,,,,1,,,,,,,,,,,,,,,,,,,,,,,,,,,,,,,
Artistic Director,17,212111,-,VETASSESS,1,,,,1,1,1,1,1,1,1,1,1,1,,,,,,,,,,,,,,,,,,,,,,1,1,1,1,1,1,,
Media Producer (excluding Video),3,212112,-,VETASSESS,,,1,,,,1,,,,,1,,,,,,,,,,,,,,,,,,,,,,,,,,,,,,,
Radio Presenter,3,212113,-,VETASSESS,,,1,,,,1,,,,,1,,,,,,,,,,,,,,,,,,,,,,,,,,,,,,,
Television Presenter,3,212114,-,VETASSESS,,,1,,,,1,,,,,1,,,,,,,,,,,,,,,,,,,,,,,,,,,,,,,
Author,3,212211,-,VETASSESS,,,1,,,,1,,,,,1,,,,,,,,,,,,,,,,,,,,,,,,,,,,,,,
Book or Script Editor,14,212212,-,VETASSESS,,1,1,,1,,1,,1,1,,1,,1,,,,,,,,,,,,,,,,,,,,,,1,1,1,1,1,1,,
"Art Director (Film, Television or Stage)",3,212311,-,VETASSESS,,,1,,,,1,,,,,1,,,,,,,,,,,,,,,,,,,,,,,,,,,,,,,
"Director (Film, Television, Radio or Stage)",14,212312,-,VETASSESS,,1,1,,1,,1,,1,1,,1,,1,,,,,,,,,,,,,,,,,,,,,,1,1,1,1,1,1,,
Director of Photography,3,212313,-,VETASSESS,,,1,,,,1,,,,,1,,,,,,,,,,,,,,,,,,,,,,,,,,,,,,,
Film and Video Editor,14,212314,-,VETASSESS,,1,1,,1,,1,,1,1,,1,,1,,,,,,,,,,,,,,,,,,,,,,1,1,1,1,1,1,,
Program Director (Television or Radio),14,212315,-,VETASSESS,,1,1,,1,,1,,1,1,,1,,1,,,,,,,,,,,,,,,,,,,,,,1,1,1,1,1,1,,
Stage Manager,14,212316,-,VETASSESS,,1,1,,1,,1,,1,1,,1,,1,,,,,,,,,,,,,,,,,,,,,,1,1,1,1,1,1,,
Technical Director,16,212317,-,VETASSESS,,1,1,,1,,1,,1,1,,1,,1,,,,,,,,,,,,,,,,,,1,1,,,1,1,1,1,1,1,,
Video producer,16,212318,-,VETASSESS,,1,1,,1,,1,,1,1,,1,,1,,,,,,,,,,,,,,,,,,1,1,,,1,1,1,1,1,1,,
"Film, Television, Radio and Stage Directors nec",3,212399,-,VETASSESS,,,1,,,,1,,,,,1,,,,,,,,,,,,,,,,,,,,,,,,,,,,,,,
Copywriter,16,212411,-,VETASSESS,,1,1,,1,,1,,1,1,,1,,1,1,1,,,,,,,,,,,,,,,,,,,,1,1,1,1,1,1,,
Newspaper or Periodical Editor,16,212412,-,VETASSESS,,1,1,,1,,1,,1,1,,1,,1,1,1,,,,,,,,,,,,,,,,,,,,1,1,1,1,1,1,,
Print Journalist,16,212413,-,VETASSESS,,1,1,,1,,1,,1,1,,1,,1,1,1,,,,,,,,,,,,,,,,,,,,1,1,1,1,1,1,,
Radio Journalist,3,212414,-,VETASSESS,,,1,,,,1,,,,,1,,,,,,,,,,,,,,,,,,,,,,,,,,,,,,,
Technical Writer,16,212415,-,VETASSESS,,1,1,,1,,1,,1,1,,1,,1,1,1,,,,,,,,,,,,,,,,,,,,1,1,1,1,1,1,,
Television Journalist,16,212416,-,VETASSESS,,1,1,,1,,1,,1,1,,1,,1,1,1,,,,,,,,,,,,,,,,,,,,1,1,1,1,1,1,,
Journalists and Other Writers (nec),16,212499,-,VETASSESS,,1,1,,1,,1,,1,1,,1,,1,1,1,,,,,,,,,,,,,,,,,,,,1,1,1,1,1,1,,
Accountant (General),24,221111,SC482 & 186,CPAA; CAANZ; IPA,1,,,,1,1,1,1,1,1,1,1,1,1,1,1,,,,1,1,,1,,,1,,,1,,,1,1,,,,,1,1,1,1,,
Management Accountant,19,221112,SC482 & 186,CPAA; CAANZ; IPA,1,,,,1,1,1,1,1,1,1,1,1,1,1,1,,,,,,,,,,,,,,,,1,1,,,,,1,1,1,1,,
Taxation Accountant,18,221113,SC482 & 186,CPAA; CAANZ; IPA,1,,,,1,1,1,1,1,1,1,1,1,1,1,1,,,,,1,,,,,,,,,,,,,,,,,1,1,1,1,,
Company Secretary,14,221211,-,VETASSESS,,1,1,,1,,1,,1,1,,1,,1,,,,,,,,,,,,,,,,,,,,,,1,1,1,1,1,1,,
Corporate Treasurer,3,221212,-,CPAA; CAANZ; IPA,,,1,,,,1,,,,,1,,,,,,,,,,,,,,,,,,,,,,,,,,,,,,,
External Auditor,18,221213,-,CPAA; CAANZ; IPA,1,,,,1,1,1,1,1,1,1,1,1,1,,,,,,1,1,,,,,1,,,,,,,,,,,,1,1,1,1,,
Internal Auditor,18,221214,-,VETASSESS,1,,,,1,1,1,1,1,1,1,1,1,1,,,,,,,1,,,,,,,,,,,,,,,1,1,1,1,1,1,,
Commodities Trader,14,222111,-,VETASSESS,,1,1,,1,,1,,1,1,,1,,1,,,,,,,,,,,,,,,,,,,,,,1,1,1,1,1,1,,
Finance Broker,14,222112,-,VETASSESS,,1,1,,1,,1,,1,1,,1,,1,,,,,,,,,,,,,,,,,,,,,,1,1,1,1,1,1,,
Insurance Broker,14,222113,-,VETASSESS,,1,1,,1,,1,,1,1,,1,,1,,,,,,,,,,,,,,,,,,,,,,1,1,1,1,1,1,,
Financial Brokers (nec),14,222199,-,VETASSESS,,1,1,,1,,1,,1,1,,1,,1,,,,,,,,,,,,,,,,,,,,,,1,1,1,1,1,1,,
Financial Market Dealer,14,222211,-,VETASSESS,,1,1,,1,,1,,1,1,,1,,1,,,,,,,,,,,,,,,,,,,,,,1,1,1,1,1,1,,
Futures Trader,3,222212,-,VETASSESS,,,1,,,,1,,,,,1,,,,,,,,,,,,,,,,,,,,,,,,,,,,,,,
Stockbroking Dealer,14,222213,-,VETASSESS,,1,1,,1,,1,,1,1,,1,,1,,,,,,,,,,,,,,,,,,,,,,1,1,1,1,1,1,,
Financial Dealers (nec),14,222299,-,VETASSESS,,1,1,,1,,1,,1,1,,1,,1,,,,,,,,,,,,,,,,,,,,,,1,1,1,1,1,1,,
Financial Investment Adviser,14,222311,-,VETASSESS,,1,1,,1,,1,,1,1,,1,,1,,,,,,,,,,,,,,,,,,,,,,1,1,1,1,1,1,,
Financial Investment Manager,14,222312,-,VETASSESS,,1,1,,1,,1,,1,1,,1,,1,,,,,,,,,,,,,,,,,,,,,,1,1,1,1,1,1,,
Human Resource Adviser,10,223111,SC482,VETASSESS,,,1,,1,,1,,,1,,1,,1,,,,,,,,,,,,,,,,,,,1,,,,1,,1,,1,,
Recruitment Consultant,16,223112,SC482,VETASSESS,,1,1,,1,,1,,1,1,,1,,1,,,,,,,,,,,,,,,,,,1,1,,,1,1,1,1,1,1,,
Workplace Relations Adviser,10,223113,SC482,VETASSESS,,,1,,1,,1,,,1,,1,,1,,,,,,,,,,,,,,,,,,,1,,,,1,,1,,1,,
ICT Trainer,14,223211,-,ACS,,1,1,,1,,1,,1,1,,1,,1,,,,,,,,,,,,,,,,,,,,,,1,1,1,1,1,1,,
Training and Development Professional,3,223311,-,VETASSESS,,,1,,,,1,,,,,1,,,,,,,,,,,,,,,,,,,,,,,,,,,,,,,
Actuary,17,224111,-,VETASSESS,1,,,,1,1,1,1,1,1,1,1,1,1,,,,,,,,,,,,,,,,,,,,,,1,1,1,1,1,1,,
,,,,,,,,,,,,,,,,,,,,,,,,,,,,,,,,,,,,,,,,,,,,,,,
Mathematician,14,224112,-,VETASSESS,,1,1,,1,,1,,1,1,,1,,1,,,,,,,,,,,,,,,,,,,,,,1,1,1,1,1,1,,
Statistician,17,224113,-,VETASSESS,1,,,,1,1,1,1,1,1,1,1,1,1,,,,,,,,,,,,,,,,,,,,,,1,1,1,1,1,1,,
Archivist,3,224211,-,VETASSESS,,,1,,,,1,,,,,1,,,,,,,,,,,,,,,,,,,,,,,,,,,,,,,
Gallery or Museum Curator,14,224212,-,VETASSESS,,1,1,,1,,1,,1,1,,1,,1,,,,,,,,,,,,,,,,,,,,,,1,1,1,1,1,1,,
Health Information Manager,14,224213,-,VETASSESS,,1,1,,1,,1,,1,1,,1,,1,,,,,,,,,,,,,,,,,,,,,,1,1,1,1,1,1,,
Records Manager,14,224214,-,VETASSESS,,1,1,,1,,1,,1,1,,1,,1,,,,,,,,,,,,,,,,,,,,,,1,1,1,1,1,1,,
Eco0mist,18,224311,-,VETASSESS,1,,,,1,1,1,1,1,1,1,1,1,1,,,,,,,,,,,,,,1,,,,,,,,1,1,1,1,1,1,,
Intelligence Officer,2,224411,-,-,,,1,,,,1,,,,,,,,,,,,,,,,,,,,,,,,,,,,,,,,,,,,
Policy Analyst,10,224412,-,VETASSESS,,,1,,1,,1,,,1,,1,,1,,1,,,,,,,,,,,,,,,,,,,,,1,,1,,1,,
Land Eco0mist,17,224511,-,VETASSESS,1,,,,1,1,1,1,1,1,1,1,1,1,,,,,,,,,,,,,,,,,,,,,,1,1,1,1,1,1,,
Valuer,19,224512,-,VETASSESS,1,,,,1,1,1,1,1,1,1,1,1,1,,,,,,,,,,,,,,,,,,1,1,,,1,1,1,1,1,1,,
Librarian,16,224611,-,VETASSESS,,1,1,,1,,1,,1,1,,1,,1,,,,,,,,,,,,,,,,,,1,1,,,1,1,1,1,1,1,,
Management Consultant,19,224711,SC482 & 186,VETASSESS,1,,,,1,1,1,1,1,1,1,1,1,1,,,,,,,,,,,1,,1,,,,,,,,,1,1,1,1,1,1,,
Organisation and Methods Analyst,16,224712,-,VETASSESS,,1,1,,1,,1,,1,1,,1,,1,,,,,,,,,,,,,,,,,,1,1,,,1,1,1,1,1,1,,
Electorate Officer,3,224911,-,VETASSESS,,,1,,,,1,,,,,1,,,,,,,,,,,,,,,,,,,,,,,,,,,,,,,
Liaison Officer,10,224912,SC482,VETASSESS,,,1,,1,,1,,,1,,1,,1,,1,,,,,,,,,,,,,,,,,,,,,1,,1,,1,,
"Migration Agent (Aus) \ Immigration Consultant
(NZ)",3,224913,-,VETASSESS,,,1,,,,1,,,,,1,,,,,,,,,,,,,,,,,,,,,,,,,,,,,,,
Patents Examiner,15,224914,-,VETASSESS,,1,1,,1,,1,,1,1,,1,,1,,1,,,,,,,,,,,,,,,,,,,,1,1,1,1,1,1,,
Information and Organisation Professionals (nec),15,224999,-,VETASSESS,,1,1,,1,,1,,1,1,,1,,1,,1,,,,,,,,,,,,,,,,,,,,1,1,1,1,1,1,,
Advertising Specialist,14,225111,-,VETASSESS,,1,1,,1,,1,,1,1,,1,,1,,,,,,,,,,,,,,,,,,,,,,1,1,1,1,1,1,,
Market Research Analyst,9,225112,SC482,VETASSESS,,,1,,1,,1,,,1,,1,,1,,,,,,,,,,,,,,,,,,,,,,,1,,1,,1,,
Marketing Specialist,19,225113,SC482,VETASSESS,,1,1,,1,,1,,1,1,,1,,1,,,,,,,,,,,1,,1,,1,,,1,1,,,1,1,1,1,1,1,,
ICT Account Manager,14,225211,-,VETASSESS,,1,1,,1,,1,,1,1,,1,,1,,,,,,,,,,,,,,,,,,,,,,1,1,1,1,1,1,,
ICT Business Development Manager,14,225212,-,VETASSESS,,1,1,,1,,1,,1,1,,1,,1,,,,,,,,,,,,,,,,,,,,,,1,1,1,1,1,1,,
ICT Sales Representative,14,225213,-,VETASSESS,,1,1,,1,,1,,1,1,,1,,1,,,,,,,,,,,,,,,,,,,,,,1,1,1,1,1,1,,
Public Relations Professional,14,225311,-,VETASSESS,,1,1,,1,,1,,1,1,,1,,1,,,,,,,,,,,,,,,,,,,,,,1,1,1,1,1,1,,
Sales Representative (Industrial Products),3,225411,-,VETASSESS,,,1,,,,1,,,,,1,,,,,,,,,,,,,,,,,,,,,,,,,,,,,,,
"Sales Representative (Medical and Pharmaceutical
Products)",3,225412,-,VETASSESS,,,1,,,,1,,,,,1,,,,,,,,,,,,,,,,,,,,,,,,,,,,,,,
Technical Sales Representatives (nec),14,225499,SC482,VETASSESS,,1,1,,1,,1,,1,1,,1,,1,,,,,,,,,,,,,,,,,,,,,,1,1,1,1,1,1,,
Aeroplane Pilot,10,231111,SC482,CASA,,,1,,1,,1,,,1,,1,,1,,,,,,,,,,,,,,,,,,,1,,,,1,,1,,1,,
Air Traffic Controller,2,231112,-,-,,,1,,,,1,,,,,,,,,,,,,,,,,,,,,,,,,,,,,,,,,,,,
Flying Instructor,9,231113,SC482,VETASSESS,,,1,,1,,1,,,1,,1,,1,,,,,,,,,,,,,,,,,,,,,,,1,,1,,1,,
Helicopter Pilot,9,231114,SC482,CASA,,,1,,1,,1,,,1,,1,,1,,,,,,,,,,,,,,,,,,,,,,,1,,1,,1,,
Air Transport Professionals nec,3,231199,-,VETASSESS,,,1,,,,1,,,,,1,,,,,,,,,,,,,,,,,,,,,,,,,,,,,,,
Master Fisher,3,231211,-,VETASSESS,,,1,,,,1,,,,,1,,,,,,,,,,,,,,,,,,,,,,,,,,,,,,,
Ship's Engineer,3,231212,-,AMSA,,,1,,,,1,,,,,1,,,,,,,,,,,,,,,,,,,,,,,,,,,,,,,
Ship's Master,11,231213,SC482,AMSA,,,1,,1,,1,,,1,,1,,1,,,,,,,,,,,,,,,,,,,1,,,,1,,1,,1,,1
Ship's Officer,3,231214,-,AMSA,,,1,,,,1,,,,,1,,,,,,,,,,,,,,,,,,,,,,,,,,,,,,,
Marine Surveyor,3,231215,-,AMSA,,,1,,,,1,,,,,1,,,,,,,,,,,,,,,,,,,,,,,,,,,,,,,
Marine Transport Professionals (nec),3,231299,-,VETASSESS,,,1,,,,1,,,,,1,,,,,,,,,,,,,,,,,,,,,,,,,,,,,,,
Architect,23,232111,-,AACA,1,,,,1,1,1,1,1,1,1,1,1,1,1,1,,,,,1,1,,,,,,1,,1,,,,,,1,1,1,1,1,1,,
Landscape Architect,20,232112,-,VETASSESS,1,,,,1,1,1,1,1,1,1,1,1,1,1,1,,,,,1,,,,,,,,,,,,,,,1,1,1,1,1,1,,
Surveyor,21,232212,-,SSSI,1,,,,1,1,1,1,1,1,1,1,1,1,,,,,,,,,,,,,,,,,,1,1,,,1,1,1,1,1,1,1,1
Cartographer,17,232213,-,VETASSESS,1,,,,1,1,1,1,1,1,1,1,1,1,,,,,,,,,,,,,,,,,,,,,,1,1,1,1,1,1,,
Other Spatial Scientist,19,232214,-,VETASSESS,1,,,,1,1,1,1,1,1,1,1,1,1,,,,,,,,,,,,,,,,,,1,1,,,1,1,1,1,1,1,,
Fashion Designer,14,232311,-,VETASSESS,,1,1,,1,,1,,1,1,,1,,1,,,,,,,,,,,,,,,,,,,,,,1,1,1,1,1,1,,
Industrial Designer,14,232312,-,VETASSESS,,1,1,,1,,1,,1,1,,1,,1,,,,,,,,,,,,,,,,,,,,,,1,1,1,1,1,1,,
Jewellery Designer,14,232313,-,VETASSESS,,1,1,,1,,1,,1,1,,1,,1,,,,,,,,,,,,,,,,,,,,,,1,1,1,1,1,1,,
Graphic Designer,20,232411,-,VETASSESS,,1,1,,1,,1,,1,1,,1,,1,1,1,,,,,,,,,1,,1,,,,,1,1,,,1,1,1,1,1,1,,
Illustrator,16,232412,-,VETASSESS,,1,1,,1,,1,,1,1,,1,,1,1,1,,,,,,,,,,,,,,,,,,,,1,1,1,1,1,1,,
Multimedia Designer,9,232413,SC482,VETASSESS,,,1,,1,,1,,,1,,1,,1,,,,,,,,,,,,,,,,,,,,,,,1,,1,,1,,
,,,,,,,,,,,,,,,,,,,,,,,,,,,,,,,,,,,,,,,,,,,,,,,
Web Designer,16,232414,-,VETASSESS,,1,1,,1,,1,,1,1,,1,,1,1,1,,,,,,,,,,,,,,,,,,,,1,1,1,1,1,1,,
Interior Designer,16,232511,-,VETASSESS,,1,1,,1,,1,,1,1,,1,,1,,,,,,,,,,,,,,,,,,1,1,,,1,1,1,1,1,1,,
Urban and Regional Planner,14,232611,-,VETASSESS,,1,1,,1,,1,,1,1,,1,,1,,,,,,,,,,,,,,,,,,,,,,1,1,1,1,1,1,,
Chemical Engineer,23,233111,-,EA,1,,,,1,1,1,1,1,1,1,1,1,1,,,,,,1,1,,,,,,,1,,1,,,,,,1,1,1,1,1,1,1,1
Materials Engineer,23,233112,-,EA,1,,,,1,1,1,1,1,1,1,1,1,1,,,,,,1,1,,,,,,,1,,1,,,,,,1,1,1,1,1,1,1,1
Civil Engineer,34,233211,-,EA,1,,,,1,1,1,1,1,1,1,1,1,1,1,1,1,,,0,1,1,1,1,,1,,1,1,1,1,1,1,,,1,1,1,1,1,1,1,1
Geotechnical Engineer,32,233212,-,EA,1,,,,1,1,1,1,1,1,1,1,1,1,1,1,1,,,0,,0,0,,,1,,1,1,1,1,1,1,,,1,1,1,1,1,1,1,1
Quantity Surveyor,24,233213,-,AIQS,1,,,,1,1,1,1,1,1,1,1,1,1,1,1,,,,,,1,,,,,,1,,1,,,,,,1,1,1,1,1,1,1,1
Structural Engineer,29,233214,-,EA,1,,,,1,1,1,1,1,1,1,1,1,1,1,1,1,,,,1,0,0,,,,,1,1,1,1,,,,,1,1,1,1,1,1,1,1
Transport Engineer,27,233215,-,EA,1,,,,1,1,1,1,1,1,1,1,1,1,1,1,1,,,,1,,0,,,,,1,0,1,,,,,,1,1,1,1,1,1,1,1
Electrical Engineer,30,233311,-,EA,1,,,,1,1,1,1,1,1,1,1,1,1,,,,,,1,1,1,,1,,1,,1,1,1,1,1,1,,,1,1,1,1,1,1,1,1
Electronics Engineer,22,233411,-,EA,1,,,,1,1,1,1,1,1,1,1,1,1,,,,,,,,,,,,,,,,1,,1,1,,,1,1,1,1,1,1,1,1
Industrial Engineer,29,233511,-,EA,1,,,,1,1,1,1,1,1,1,1,1,1,,,1,,0,1,1,,0,,1,,1,0,1,1,,,,,,1,1,1,1,1,1,1,1
Mechanical Engineer,37,233512,-,EA,1,,,1,1,1,1,1,1,1,1,1,1,1,,,1,,1,0,1,1,1,1,1,1,1,0,1,1,1,1,1,1,,1,1,1,1,1,1,1,1
Production or Plant Engineer,29,233513,-,EA,1,,,,1,1,1,1,1,1,1,1,1,1,,,1,,0,1,1,,0,,1,,1,1,1,1,,,,,,1,1,1,1,1,1,1,1
Mining Engineer (excluding Petroleum),25,233611,-,EA,1,,,,1,1,1,1,1,1,1,1,1,1,,,,,,1,,1,1,,,,,1,,,,1,1,,,1,1,1,1,1,1,1,1
Petroleum Engineer,21,233612,-,EA,1,,,,1,1,1,1,1,1,1,1,1,1,,,,,,,,,,,,,,,,,,1,1,,,1,1,1,1,1,1,1,1
Aeronautical Engineer,25,233911,-,EA,1,,,,1,1,1,1,1,1,1,1,1,1,1,1,1,,,,1,,1,,,,,,0,,,,,,,1,1,1,1,1,1,1,1
Agricultural Engineer,28,233912,-,EA,1,,,,1,1,1,1,1,1,1,1,1,1,1,1,,,,,1,0,0,,,0,,0,0,0,,,,,,1,1,1,1,1,1,1,1
Biomedical Engineer,26,233913,-,EA,1,,,,1,1,1,1,1,1,1,1,1,1,1,1,1,,,,1,,0,,,,,,0,1,,,,,,1,1,1,1,1,1,1,1
Engineering Tech0logist,18,233914,-,EA,1,,,,1,1,1,1,1,1,1,1,1,1,,,,,,1,,,,,,,,,,,,,,,,1,1,1,1,1,1,,
Environmental Engineer,21,233915,-,EA,1,,,,1,1,1,1,1,1,1,1,1,1,,,,,,,,,,,,,,,1,1,,,,,,1,1,1,1,1,1,1,1
Naval Architect,23,233916,-,EA,1,,,,1,1,1,1,1,1,1,1,1,1,,,1,,,,,,0,,1,,1,,,,,,,,,1,1,1,1,1,1,1,1
Engineering Professionals (nec),29,233999,-,EA,1,,,,1,1,1,1,1,1,1,1,1,1,,,1,,,0,1,0,1,,1,,1,1,1,1,,1,1,,,1,1,1,1,1,1,,
Agricultural Consultant,23,234111,-,VETASSESS,1,,,,1,1,1,1,1,1,1,1,1,1,,,,,,,1,,,,1,,1,,,1,,,,,,1,1,1,1,1,1,1,1
Agricultural Scientist,25,234112,-,VETASSESS,1,,,,1,1,1,1,1,1,1,1,1,1,,,,,,1,1,,,,,1,,,,1,,1,1,,,1,1,1,1,1,1,1,1
Forester (Aus) \ Forest Scientist (NZ),17,234113,-,VETASSESS,1,,,,1,1,1,1,1,1,1,1,1,1,,,,,,,,,,,,,,,,,,,,,,1,1,1,1,1,1,,
Chemist,22,234211,-,VETASSESS,1,,,,1,1,1,1,1,1,1,1,1,1,,,,,,,1,,,,,,,,1,1,,,,,,1,1,1,1,1,1,1,1
Food Tech0logist,20,234212,-,VETASSESS,1,,,,1,1,1,1,1,1,1,1,1,1,,,,,,,1,,,,,,,,1,1,,,,,,1,1,1,1,1,1,,
Wine maker,9,234213,SC482,VETASSESS,,,1,,1,,1,,,1,,1,,1,,,,,,,,,,,,,,,,,,,,,,,1,,1,,1,,
Conservation Officer,9,234311,SC482,VETASSESS,,,1,,1,,1,,,1,,1,,1,,,,,,,,,,,,,,,,,,,,,,,1,,1,,1,,
Environmental Consultant,20,234312,-,VETASSESS,1,,,,1,1,1,1,1,1,1,1,1,1,,,,,,,,,,,,,,,1,,,1,1,,,1,1,1,1,1,1,,
Environmental Research Scientist,19,234313,-,VETASSESS,1,,,,1,1,1,1,1,1,1,1,1,1,,,,,,,,,,,,,,,,,,1,1,,,1,1,1,1,1,1,,
Park Ranger,3,234314,-,VETASSESS,,,1,,,,1,,,,,1,,,,,,,,,,,,,,,,,,,,,,,,,,,,,,,
Environmental Scientists nec,18,234399,-,VETASSESS,1,,,,1,1,1,1,1,1,1,1,1,1,,,,,,,,,,,,,,,,1,,,,,,1,1,1,1,1,1,,
Geologist,18,234411,-,VETASSESS,,1,1,,1,,1,,1,1,,1,,1,,,,,,,,,,,,,,,,,,1,1,,,1,1,1,1,1,1,1,1
Geophysicist,21,234412,-,VETASSESS,1,,,,1,1,1,1,1,1,1,1,1,1,,,,,,,,,,,,,,,,,,1,1,,,1,1,1,1,1,1,1,1
Hydrogeologist,19,234413,-,VETASSESS,1,,,,1,1,1,1,1,1,1,1,1,1,,,,,,,,,,,,,,,,,,,,,,1,1,1,1,1,1,1,1
Life Scientist (General),17,234511,-,VETASSESS,1,,,,1,1,1,1,1,1,1,1,1,1,,,,,,,,,,,,,,,,,,,,,,1,1,1,1,1,1,,
Biochemist,17,234513,-,VETASSESS,1,,,,1,1,1,1,1,1,1,1,1,1,,,,,,,,,,,,,,,,,,,,,,1,1,1,1,1,1,,
Biotech0logist,20,234514,-,VETASSESS,1,,,,1,1,1,1,1,1,1,1,1,1,,,,,,,,,,,,,,,,1,,,,,,1,1,1,1,1,1,1,1
Botanist,18,234515,-,VETASSESS,1,,,,1,1,1,1,1,1,1,1,1,1,,,,,,,,,,,,,,,,1,,,,,,1,1,1,1,1,1,,
Marine Biologist,17,234516,-,VETASSESS,1,,,,1,1,1,1,1,1,1,1,1,1,,,,,,,,,,,,,,,,,,,,,,1,1,1,1,1,1,,
Microbiologist,18,234517,-,VETASSESS,1,,,,1,1,1,1,1,1,1,1,1,1,,,,,,,,,,,,,,,,1,,,,,,1,1,1,1,1,1,,
Zoologist,18,234518,-,VETASSESS,1,,,,1,1,1,1,1,1,1,1,1,1,,,,,,,1,,,,,,,,,,,,,,,1,1,1,1,1,1,,
Life Scientists (nec),17,234599,-,VETASSESS,1,,,,1,1,1,1,1,1,1,1,1,1,,,,,,,,,,,,,,,,,,,,,,1,1,1,1,1,1,,
Medical Laboratory Scientist,23,234611,-,AIMS,1,,,,1,1,1,1,1,1,1,1,1,1,,,,,,,,,1,,1,,1,1,,,,,,,,1,1,1,1,1,1,1,1
Veterinarian,27,234711,-,AVBC,1,,,,1,1,1,1,1,1,1,1,1,1,,,,,,1,1,1,,,,,,1,1,1,,1,1,,,1,1,1,1,1,1,1,1
Conservator,17,234911,-,VETASSESS,1,,,,1,1,1,1,1,1,1,1,1,1,,,,,,,,,,,,,,,,,,,,,,1,1,1,1,1,1,,
Metallurgist,21,234912,-,VETASSESS,1,,,,1,1,1,1,1,1,1,1,1,1,,,,,,,,,,,,,,,,,,1,1,,,1,1,1,1,1,1,1,1
Meteorologist,17,234913,-,VETASSESS,1,,,,1,1,1,1,1,1,1,1,1,1,,,,,,,,,,,,,,,,,,,,,,1,1,1,1,1,1,,
Physicist,19,234914,-,"VETASSESS +
ACPSEM (medical physicist)",1,,,,1,1,1,1,1,1,1,1,1,1,,,,,,,,,,,,,,,,,,,,,,1,1,1,1,1,1,1,1
,,,,,,,,,,,,,,,,,,,,,,,,,,,,,,,,,,,,,,,,,,,,,,,
Exercise Physiologist,9,234915,SC482,VETASSESS,,,1,,1,,1,,,1,,1,,1,,,,,,,,,,,,,,,,,,,,,,,1,,1,,1,,
Natural and Physical Science Professionals nec,20,234999,-,VETASSESS,1,,,,1,1,1,1,1,1,1,1,1,1,,,,,,,,,,,1,,1,,,1,,,,,,1,1,1,1,1,1,,
Early Childhood (Pre-primary School) Teacher,27,241111,-,AITSL,1,,,,1,1,1,1,1,1,1,1,1,1,1,1,,,1,,,1,,,,1,,1,1,1,,1,1,,,1,1,1,1,1,1,,
"Kaiako Kohanga Reo (Maori Language Nest
Teacher)",2,241112,-,-,,,1,,,,1,,,,,,,,,,,,,,,,,,,,,,,,,,,,,,,,,,,,
"Kaiako Kura Kaupapa Maori (Maori-medium
Primary School Teacher)",2,241211,-,-,,,1,,,,1,,,,,,,,,,,,,,,,,,,,,,,,,,,,,,,,,,,,
"Pouako Kura Kaupapa Maori (Maori-medium
Primary School Senior Teacher)",2,241212,-,-,,,1,,,,1,,,,,,,,,,,,,,,,,,,,,,,,,,,,,,,,,,,,
Primary School Teacher,16,241213,-,AITSL,,1,1,,1,,1,,1,1,,1,,1,,,,,,,,,,,,,,,,,,1,1,,,1,1,1,1,1,1,,
"Middle School Teacher (Aus) \ Intermediate School
Teacher (NZ)",16,241311,-,AITSL,,1,1,,1,,1,,1,1,,1,,1,,,,,,,,,,,,,,,,,,1,1,,,1,1,1,1,1,1,,
Secondary School Teacher,23,241411,-,AITSL,1,,,,1,1,1,1,1,1,1,1,1,1,,,,,,,,1,,,,1,,1,,1,,1,1,,,1,1,1,1,1,1,,
Special Needs Teacher,21,241511,-,AITSL,1,,,,1,1,1,1,1,1,1,1,1,1,,,,,,,,1,,,,1,,1,,1,,,,,,1,1,1,1,1,1,,
Teacher of the Hearing Impaired,19,241512,-,AITSL,1,,,,1,1,1,1,1,1,1,1,1,1,,,,,,,,,,,,,,,,,,1,1,,,1,1,1,1,1,1,,
Teacher of the Sight Impaired,17,241513,-,AITSL,1,,,,1,1,1,1,1,1,1,1,1,1,,,,,,,,,,,,,,,,,,,,,,1,1,1,1,1,1,,
Special Education Teachers (nec),19,241599,-,AITSL,1,,,,1,1,1,1,1,1,1,1,1,1,,,,,,,,,,,,,,,,,,1,1,,,1,1,1,1,1,1,,
University Lecturer,17,242111,-,VETASSESS,1,,,,1,1,1,1,1,1,1,1,1,1,,,,,,,,,,,,,,,,,,,,,,0,0,1,1,1,1,,
University Tutor,3,242112,-,VETASSESS,,,1,,,,1,,,,,1,,,,,,,,,,,,,,,,,,,,,,,,,,,,,,,
Vocational Education Teacher,10,242211,SC482,"TRA (trades) / VETASSESS (0n
trades)",,,1,,1,,1,,,1,,1,,1,,,,,,,,,,,,,,,,,,,1,,,,1,,1,,1,,
Education Adviser,16,249111,-,VETASSESS,,1,1,,1,,1,,1,1,,1,,1,,,,,,,,,,,,,,,,,,1,1,,,1,1,1,1,1,1,,
Education Reviewer,3,249112,-,VETASSESS,,,1,,,,1,,,,,1,,,,,,,,,,,,,,,,,,,,,,,,,,,,,,,
Art Teacher (Private Tuition),14,249211,-,VETASSESS,,1,1,,1,,1,,1,1,,1,,1,,,,,,,,,,,,,,,,,,,,,,1,1,1,1,1,1,,
Dance Teacher (Private Tuition),14,249212,-,VETASSESS,,1,1,,1,,1,,1,1,,1,,1,,,,,,,,,,,,,,,,,,,,,,1,1,1,1,1,1,,
Drama Teacher (Private Tuition),3,249213,-,VETASSESS,,,1,,,,1,,,,,1,,,,,,,,,,,,,,,,,,,,,,,,,,,,,,,
Music Teacher (Private Tuition),14,249214,-,VETASSESS,,1,1,,1,,1,,1,1,,1,,1,,,,,,,,,,,,,,,,,,,,,,1,1,1,1,1,1,,
Private Tutors and Teachers (nec),14,249299,-,VETASSESS,,1,1,,1,,1,,1,1,,1,,1,,,,,,,,,,,,,,,,,,,,,,1,1,1,1,1,1,,
Teacher of English to Speakers of Other Languages,16,249311,-,VETASSESS,,1,1,,1,,1,,1,1,,1,,1,,,,,,,,,,,,,,,,,,1,1,,,1,1,1,1,1,1,,
Dietitian,14,251111,-,DAA,,1,1,,1,,1,,1,1,,1,,1,,,,,,,,,,,,,,,,,,,,,,1,1,1,1,1,1,,
Nutritionist,14,251112,-,VETASSESS,,1,1,,1,,1,,1,1,,1,,1,,,,,,,,,,,,,,,,,,,,,,1,1,1,1,1,1,,
Medical Diag0stic Radiographer,24,251211,-,ASMIRT,1,,,,1,1,1,1,1,1,1,1,1,1,,,,,,,1,1,,,,1,,1,,1,,1,1,,,1,1,1,1,1,1,,
Medical Radiation Therapist,23,251212,-,ASMIRT,1,,,,1,1,1,1,1,1,1,1,1,1,,,,,,,1,,,,,1,,1,,1,,,,,,1,1,1,1,1,1,1,1
Nuclear Medicine Tech0logist,21,251213,-,ANZSNM,1,,,,1,1,1,1,1,1,1,1,1,1,,,,,,,1,,,,,,,,,1,,,,,,1,1,1,1,1,1,1,1
So0grapher,23,251214,-,ASMIRT,1,,,,1,1,1,1,1,1,1,1,1,1,,,,,,,,,,,,,,1,,1,,1,1,,,1,1,1,1,1,1,1,1
Environmental Health Officer,12,251311,SC482,VETASSESS,,,1,,1,,1,,,1,,1,,1,,1,,,,,,,,,,,,,,,,,1,,,,1,,1,,1,,1
Occupational Health and Safety Adviser,21,251312,-,VETASSESS,,1,1,,1,,1,,1,1,,1,,1,1,1,,,,,,,,,,,,1,1,1,,1,1,,,1,1,1,1,1,1,,
Optometrist,25,251411,-,OCANZ,1,,,,1,1,1,1,1,1,1,1,1,1,,,,,,,,,,,1,,1,1,,1,,1,1,,,1,1,1,1,1,1,1,1
Orthoptist,16,251412,-,VETASSESS,,1,1,,1,,1,,1,1,,1,,1,,,,,,,,,,,,,,,,,,,,,,1,1,1,1,1,1,1,1
Hospital Pharmacist,18,251511,-,APharmC,,1,1,,1,,1,,1,1,,1,,1,,,,,,,,,,,,,,,,,,1,1,,,1,1,1,1,1,1,1,1
Industrial Pharmacist,16,251512,-,VETASSESS,,1,1,,1,,1,,1,1,,1,,1,,,,,,,,,,,,,,,,,,,,,,1,1,1,1,1,1,1,1
Retail Pharmacist,23,251513,-,APharmC,,1,1,,1,,1,,1,1,,1,,1,,,,,1,,1,,,,,,,1,1,1,,1,1,,,1,1,1,1,1,1,1,1
Health Promotion Officer,16,251911,-,VETASSESS,,1,1,,1,,1,,1,1,,1,,1,,,,,,,,,,,,,,,,,,1,1,,,1,1,1,1,1,1,,
Orthoptist or Prosthetist,19,251912,-,AOPA,1,,,,1,1,1,1,1,1,1,1,1,1,,,,,,,,,,,,,,,,,,,,,,1,1,1,1,1,1,1,1
"Health Diag0stic and Promotion Professionals
(nec)",14,251999,-,VETASSESS,,1,1,,1,,1,,1,1,,1,,1,,,,,,,,,,,,,,,,,,,,,,1,1,1,1,1,1,,
Chiropractor,21,252111,-,CCEA,1,,,,1,1,1,1,1,1,1,1,1,1,,,,,,,,,,,,,,1,,1,,1,1,,,1,1,1,1,1,1,,
Osteopath,19,252112,-,AOAC,1,,,,1,1,1,1,1,1,1,1,1,1,,,,,,,,,,,,,,,,,,,,,,1,1,1,1,1,1,1,1
Acupuncturist,14,252211,-,CMBA,,1,1,,1,,1,,1,1,,1,,1,,,,,,,,,,,,,,,,,,,,,,1,1,1,1,1,1,,
Homoeopath,3,252212,-,VETASSESS,,,1,,,,1,,,,,1,,,,,,,,,,,,,,,,,,,,,,,,,,,,,,,
Naturopath,14,252213,-,VETASSESS,,1,1,,1,,1,,1,1,,1,,1,,,,,,,,,,,,,,,,,,,,,,1,1,1,1,1,1,,
Traditional Chinese Medicine Practitioner,14,252214,-,CMBA,,1,1,,1,,1,,1,1,,1,,1,,,,,,,,,,,,,,,,,,,,,,1,1,1,1,1,1,,
Traditional Maori Health Practitioner,2,252215,-,VETASSESS,,,1,,,,1,,,,,,,,,,,,,,,,,,,,,,,,,,,,,,,,,,,,
,,,,,,,,,,,,,,,,,,,,,,,,,,,,,,,,,,,,,,,,,,,,,,,
Complementary Health Therapists (nec),14,252299,-,VETASSESS,,1,1,,1,,1,,1,1,,1,,1,,,,,,,,,,,,,,,,,,,,,,1,1,1,1,1,1,,
Dental Specialist,20,252311,-,ADC,,1,1,,1,,1,,1,1,,1,,1,1,1,,,,,,,,,,,,,,,,1,1,,,1,1,1,1,1,1,1,1
Dentist,11,252312,SC482,ADC,,,1,,1,,1,,,1,,1,,1,,1,,,,,,,,,,,,,,,,,1,,,,1,,1,,1,,
Occupational Therapist,27,252411,-,OTC,1,,,,1,1,1,1,1,1,1,1,1,1,1,1,,,1,,1,1,,,,1,,1,,1,,1,1,,,1,1,1,1,1,1,,
Physiotherapist,30,252511,-,APC,1,,,,1,1,1,1,1,1,1,1,1,1,1,1,,,1,,1,1,,,1,1,1,1,1,1,,1,1,,,1,1,1,1,1,1,,
Podiatrist,21,252611,-,PodBa,1,,,,1,1,1,1,1,1,1,1,1,1,,,,,,,,1,,,,,,,,1,,,,,,1,1,1,1,1,1,1,1
Audiologist,23,252711,-,VETASSESS,1,,,,1,1,1,1,1,1,1,1,1,1,1,1,,,,,,,,,,,,,,,,1,1,,,1,1,1,1,1,1,1,1
Speech Pathologist,23,252712,-,SPA,1,,,,1,1,1,1,1,1,1,1,1,1,1,1,,,1,,1,,,,,,,,,,,1,1,,,1,1,1,1,1,1,,
General  Practitioner,25,253111,"SC482, 186 &
494 (HWC)",MedBA,1,,,1,1,1,1,1,1,1,1,1,1,1,1,1,,,,,,,,,,,,,,,,1,1,1,,1,1,1,1,1,1,1,1
Resident Medical Officer,22,253112,"SC482, 186 &
494 (HWC)",MedBA,,1,1,1,1,,1,,1,1,,1,,1,1,1,,,,,,,,,,,,,,,,1,1,1,,1,1,1,1,1,1,1,1
Anesthetist,10,253211,SC482,MedBA,,,1,,1,,1,,,1,,1,,1,,,,,,,,,,,,,,,,,,,1,,,,1,,1,,1,,
Specialist Physician (general medicine),19,253311,-,MedBA,1,,,,1,1,1,1,1,1,1,1,1,1,,,,,,,,,,,,,,,,,,1,1,,,1,1,1,1,1,1,,
Cardiologist,19,253312,-,MedBA,1,,,,1,1,1,1,1,1,1,1,1,1,,,,,,,,,,,,,,,,,,1,1,,,1,1,1,1,1,1,,
Clinical Hematologist,17,253313,-,MedBA,1,,,,1,1,1,1,1,1,1,1,1,1,,,,,,,,,,,,,,,,,,,,,,1,1,1,1,1,1,,
Medical Oncologist,19,253314,-,MedBA,1,,,,1,1,1,1,1,1,1,1,1,1,,,,,,,,,,,,,,,,,,1,1,,,1,1,1,1,1,1,,
Endocri0logist,17,253315,-,MedBA,1,,,,1,1,1,1,1,1,1,1,1,1,,,,,,,,,,,,,,,,,,,,,,1,1,1,1,1,1,,
Gastroenterologist,19,253316,-,MedBA,1,,,,1,1,1,1,1,1,1,1,1,1,,,,,,,,,,,,,,,,,,,,,,1,1,1,1,1,1,1,1
Intensive Care Specialist,19,253317,-,MedBA,1,,,,1,1,1,1,1,1,1,1,1,1,,,,,,,,,,,,,,,,,,1,1,,,1,1,1,1,1,1,,
Neurologist,19,253318,-,MedBA,1,,,,1,1,1,1,1,1,1,1,1,1,,,,,,,,,,,,,,,,,,1,1,,,1,1,1,1,1,1,,
Pediatrician,19,253321,-,MedBA,1,,,,1,1,1,1,1,1,1,1,1,1,,,,,,,,,,,,,,,,,,1,1,,,1,1,1,1,1,1,,
Renal Medicine Specialist,19,253322,-,MedBA,1,,,,1,1,1,1,1,1,1,1,1,1,,,,,,,,,,,,,,,,,,1,1,,,1,1,1,1,1,1,,
Rheumatologist,19,253323,-,MedBA,1,,,,1,1,1,1,1,1,1,1,1,1,,,,,,,,,,,,,,,,,,,,,,1,1,1,1,1,1,1,1
Thoracic Medicine Specialist,19,253324,-,MedBA,1,,,,1,1,1,1,1,1,1,1,1,1,,,,,,,,,,,,,,,,,,1,1,,,1,1,1,1,1,1,,
Specialist Physicians (nec),19,253399,-,MedBA,1,,,,1,1,1,1,1,1,1,1,1,1,,,,,,,,,,,,,,,,,,1,1,,,1,1,1,1,1,1,,
Psychiatrist,23,253411,-,MedBA,1,,,1,1,1,1,1,1,1,1,1,1,1,,,,,,,,,,,,,,,,,,1,1,1,,1,1,1,1,1,1,1,1
Surgeon (General),19,253511,-,MedBA,1,,,,1,1,1,1,1,1,1,1,1,1,,,,,,,,,,,,,,,,,,1,1,,,1,1,1,1,1,1,,
Cardiothoracic Surgeon,17,253512,-,MedBA,1,,,,1,1,1,1,1,1,1,1,1,1,,,,,,,,,,,,,,,,,,,,,,1,1,1,1,1,1,,
Neurosurgeon,21,253513,-,MedBA,1,,,,1,1,1,1,1,1,1,1,1,1,,,,,,,,,,,,,,,,,,1,1,,,1,1,1,1,1,1,1,1
Orthopedic Surgeon,19,253514,-,MedBA,1,,,,1,1,1,1,1,1,1,1,1,1,,,,,,,,,,,,,,,,,,1,1,,,1,1,1,1,1,1,,
Otorhi0laryngologist,21,253515,-,MedBA,1,,,,1,1,1,1,1,1,1,1,1,1,,,,,,,,,,,,,,,,,,1,1,,,1,1,1,1,1,1,1,1
Paediatric Surgeon,17,253516,-,MedBA,1,,,,1,1,1,1,1,1,1,1,1,1,,,,,,,,,,,,,,,,,,,,,,1,1,1,1,1,1,,
Plastic and Reconstructive Surgeon,17,253517,-,MedBA,1,,,,1,1,1,1,1,1,1,1,1,1,,,,,,,,,,,,,,,,,,,,,,1,1,1,1,1,1,,
Urologist,17,253518,-,MedBA,1,,,,1,1,1,1,1,1,1,1,1,1,,,,,,,,,,,,,,,,,,,,,,1,1,1,1,1,1,,
Vascular Surgeon,19,253521,-,MedBA,1,,,,1,1,1,1,1,1,1,1,1,1,,,,,,,,,,,,,,,,,,,,,,1,1,1,1,1,1,1,1
Dermatologist,19,253911,-,MedBA,1,,,,1,1,1,1,1,1,1,1,1,1,,,,,,,,,,,,,,,,,,1,1,,,1,1,1,1,1,1,,
Emergency Medicine Specialist,23,253912,-,MedBA,1,,,,1,1,1,1,1,1,1,1,1,1,,,,,,,1,1,,,,,,1,,1,,1,1,,,1,1,1,1,1,1,,
Obstetrician and Gynaecologist,27,253913,-,MedBA,1,,,,1,1,1,1,1,1,1,1,1,1,,,,,,,1,1,,,,1,,1,1,1,,1,1,,,1,1,1,1,1,1,1,1
Ophthalmologist,23,253914,-,MedBA,1,,,,1,1,1,1,1,1,1,1,1,1,,,,,,,1,1,,,,,,1,,1,,1,1,,,1,1,1,1,1,1,,
Pathologist,22,253915,-,MedBA,1,,,,1,1,1,1,1,1,1,1,1,1,,,,,,,1,,,,,,,1,,1,,1,1,,,1,1,1,1,1,1,,
Diag0stic and Interventional Radiologist,23,253917,-,MedBA,1,,,,1,1,1,1,1,1,1,1,1,1,,,,,,,1,,,,1,,1,,,1,,1,1,,,1,1,1,1,1,1,,
Radiation Oncologist,19,253918,-,MedBA,1,,,,1,1,1,1,1,1,1,1,1,1,,,,,,,,,,,,,,,,,,,,,,1,1,1,1,1,1,1,1
Medical Practitioners (nec),26,253999,"SC482, 186 &
494 (HWC)",MedBA,1,,,1,1,1,1,1,1,1,1,1,1,1,,,,,,,1,1,1,,,1,,1,1,1,,,,1,,1,1,1,1,1,1,,
Midwife,29,254111,-,ANMAC,1,,,1,1,1,1,1,1,1,1,1,1,1,,,,,,,1,,,1,,1,,1,1,1,,1,1,1,,1,1,1,1,1,1,1,1
Nurse Educator,14,254211,-,ANMAC,,1,1,,1,,1,,1,1,,1,,1,,,,,,,,,,,,,,,,,,,,,,1,1,1,1,1,1,,
Nurse Researcher,14,254212,-,ANMAC,,1,1,,1,,1,,1,1,,1,,1,,,,,,,,,,,,,,,,,,,,,,1,1,1,1,1,1,,
Nurse Manager,21,254311,-,ANMAC,,1,1,,1,,1,,1,1,,1,,1,,,,,1,,1,1,,,,,,1,,1,,1,1,,,1,1,1,1,1,1,,
Nurse Practitioner,34,254411,-,ANMAC,1,,,,1,1,1,1,1,1,1,1,1,1,1,1,1,,1,,1,1,0,1,1,1,1,1,0,1,1,1,1,,,1,1,1,1,1,1,,
Registered Nurse (Aged Care),37,254412,-,ANMAC,1,,,1,1,1,1,1,1,1,1,1,1,1,1,1,1,,1,0,1,1,1,1,1,1,1,1,1,1,1,1,1,1,,1,1,1,1,1,1,,
Registered Nurse (Child and Family Health),34,254413,-,ANMAC,1,,,,1,1,1,1,1,1,1,1,1,1,1,1,1,,,,1,1,0,1,1,1,1,1,1,1,,1,1,,,1,1,1,1,1,1,1,1
Registered Nurse (Community Health),34,254414,-,ANMAC,1,,,,1,1,1,1,1,1,1,1,1,1,1,1,1,,,,1,0,0,1,1,1,1,1,1,1,,1,1,,,1,1,1,1,1,1,1,1
,,,,,,,,,,,,,,,,,,,,,,,,,,,,,,,,,,,,,,,,,,,,,,,
Registered Nurse (Critical Care and Emergency),37,254415,-,ANMAC,1,,,1,1,1,1,1,1,1,1,1,1,1,1,1,1,,,0,1,1,1,1,1,1,1,1,1,1,,1,1,1,,1,1,1,1,1,1,1,1
Registered Nurse (Developmental Disability),29,254416,-,ANMAC,1,,,,1,1,1,1,1,1,1,1,1,1,1,1,,,,,,0,0,0,0,,0,0,0,0,,1,1,,,1,1,1,1,1,1,,
Registered Nurse (Disability and Rehabilitation),32,254417,-,ANMAC,1,,,,1,1,1,1,1,1,1,1,1,1,1,1,1,,,,1,0,0,1,1,1,1,1,1,1,,1,1,,,1,1,1,1,1,1,,
Registered Nurse (Medical),36,254418,-,ANMAC,1,,,1,1,1,1,1,1,1,1,1,1,1,1,1,1,,1,0,1,1,1,1,1,1,1,1,1,1,,1,1,1,,1,1,1,1,1,1,,
Registered Nurse (Medical Practice),32,254421,-,ANMAC,1,,,,1,1,1,1,1,1,1,1,1,1,1,1,1,,1,,,1,0,1,1,1,1,1,1,1,,1,1,,,1,1,1,1,1,1,,
Registered Nurse (Mental Health),37,254422,-,ANMAC,1,,,1,1,1,1,1,1,1,1,1,1,1,1,1,1,,0,,1,1,0,1,1,1,1,1,1,1,,1,1,1,,1,1,1,1,1,1,1,1
Registered Nurse (Perioperative),35,254423,-,ANMAC,1,,,1,1,1,1,1,1,1,1,1,1,1,1,1,1,,,,1,,0,1,1,1,1,1,1,1,,1,1,1,,1,1,1,1,1,1,1,1
Registered Nurse (Surgical),34,254424,-,ANMAC,1,,,,1,1,1,1,1,1,1,1,1,1,1,1,1,,1,0,1,1,0,1,1,1,1,1,1,1,,1,1,,,1,1,1,1,1,1,,
Registered Nurse (Paediatrics),31,254425,-,ANMAC,1,,,,1,1,1,1,1,1,1,1,1,1,1,1,1,,,,1,1,0,1,1,,1,1,1,1,,1,1,,,1,1,1,1,1,1,,
Registered Nurses (nec),36,254499,-,ANMAC,1,,,1,1,1,1,1,1,1,1,1,1,1,1,1,1,,,0,1,1,1,1,0,1,0,1,1,1,1,1,1,1,,1,1,1,1,1,1,,
ICT Business Analyst,26,261111,-,ACS,1,,,,1,1,1,1,1,1,1,1,1,1,1,1,1,,,1,,,,,,,,1,1,1,,1,1,,,1,1,1,1,1,1,,
Systems Analyst,26,261112,-,ACS,1,,,,1,1,1,1,1,1,1,1,1,1,1,1,1,,,1,,1,,,,,,1,,1,,1,1,,,1,1,1,1,1,1,,
Multimedia Specialist,17,261211,-,ACS,1,,,,1,1,1,1,1,1,1,1,1,1,,,,,,,,,,,,,,,,,,,,,,1,1,1,1,1,1,,
Web Developer,16,261212,-,ACS,,1,1,,1,,1,,1,1,,1,,1,,,,,,,,,,,,1,,1,,,,,,,,1,1,1,1,1,1,,
Analyst Programmer,30,261311,-,ACS,1,,,,1,1,1,1,1,1,1,1,1,1,1,1,1,,0,0,1,,1,,,0,,0,0,1,,1,1,,,1,1,1,1,1,1,,
Developer Programmer,34,261312,-,ACS,1,,,1,1,1,1,1,1,1,1,1,1,1,1,1,1,,1,0,,,1,1,,1,,1,0,1,,1,1,1,,1,1,1,1,1,1,1,1
Software Engineer,33,261313,-,ACS,1,,,1,1,1,1,1,1,1,1,1,1,1,1,1,1,,1,0,1,,1,,,,,1,0,1,,1,1,1,,1,1,1,1,1,1,1,1
Software Tester,16,261314,-,ACS,,1,1,,1,,1,,1,1,,1,,1,1,1,,,,,,,,,,,,,,,,,,,,1,1,1,1,1,1,,
Software and Applications Programmers (nec),19,261399,-,ACS,1,,,,1,1,1,1,1,1,1,1,1,1,1,1,,,,,,,,,,,,,,,,,,,,1,1,1,1,1,1,,
Database Administrator,16,262111,-,ACS,,1,1,,1,,1,,1,1,,1,,1,1,1,,,,,,,,,,,,,,,,,,,,1,1,1,1,1,1,,
ICT Security Specialist,26,262112,-,ACS,1,,,,1,1,1,1,1,1,1,1,1,1,1,1,1,,,1,,,,,,,,,,1,,1,1,,,1,1,1,1,1,1,1,1
Systems Administrator,21,262113,-,ACS,,1,1,,1,,1,,1,1,,1,,1,1,1,,,,,,1,,,,,,1,,1,,1,1,,,1,1,1,1,1,1,,
Computer Network and Systems Engineer,32,263111,-,ACS,1,,,,1,1,1,1,1,1,1,1,1,1,1,1,1,,0,0,1,1,1,,,,,1,1,1,,1,1,,,1,1,1,1,1,1,1,1
Network Administrator,21,263112,-,ACS,,1,1,,1,,1,,1,1,,1,,1,1,1,,,,,,1,,,,,,1,,1,,,,,,1,1,1,1,1,1,1,1
Network Analyst,18,263113,-,ACS,,1,1,,1,,1,,1,1,,1,,1,1,1,,,,,,,,,,,,,,,,,,,,1,1,1,1,1,1,1,1
ICT Quality Assurance Engineer,16,263211,-,ACS,,1,1,,1,,1,,1,1,,1,,1,1,1,,,,,,,,,,,,,,,,,,,,1,1,1,1,1,1,,
ICT Support Engineer,20,263212,-,ACS,,1,1,,1,,1,,1,1,,1,,1,1,1,,,,,,,,,,,,1,,1,,1,1,,,1,1,1,1,1,1,,
ICT Systems Test Engineer,20,263213,-,ACS,,1,1,,1,,1,,1,1,,1,,1,1,1,,,,,,,,,,,,1,,1,,1,1,,,1,1,1,1,1,1,,
ICT Support and Test Engineers (nec),16,263299,-,ACS,,1,1,,1,,1,,1,1,,1,,1,1,1,,,,,,,,,,,,,,,,,,,,1,1,1,1,1,1,,
Telecommunications Engineer,22,263311,-,EA,1,,,,1,1,1,1,1,1,1,1,1,1,,,,,,,,,,,,,,,,1,,1,1,,,1,1,1,1,1,1,1,1
Telecommunications Network Engineer,22,263312,-,EA,1,,,,1,1,1,1,1,1,1,1,1,1,,,,,,,,,,,,,,,,1,,1,1,,,1,1,1,1,1,1,1,1
Barrister,17,271111,-,"A legal admissions authority of a State or
Territory",1,,,,1,1,1,1,1,1,1,1,1,1,,,,,,,,,,,,,,,,,,,,,,1,1,1,1,1,1,,
Judge,2,271211,-,-,,,1,,,,1,,,,,,,,,,,,,,,,,,,,,,,,,,,,,,,,,,,,
Magistrate,2,271212,-,-,,,1,,,,1,,,,,,,,,,,,,,,,,,,,,,,,,,,,,,,,,,,,
Tribunal Member,2,271213,-,-,,,1,,,,1,,,,,,,,,,,,,,,,,,,,,,,,,,,,,,,,,,,,
Intellectual Property Lawyer,9,271214,SC482,VETASSESS,,,1,,1,,1,,,1,,1,,1,,,,,,,,,,,,,,,,,,,,,,,1,,1,,1,,
Judicial and Other Legal Professionals (nec),14,271299,-,VETASSESS,,1,1,,1,,1,,1,1,,1,,1,,,,,,,,,,,,,,,,,,,,,,1,1,1,1,1,1,,
Solicitor,19,271311,-,"A legal admissions
authority of a State or Territory",1,,,,1,1,1,1,1,1,1,1,1,1,,,,,,,,,,,,,,,,,,1,1,,,1,1,1,1,1,1,,
Careers Counsellor,16,272111,-,VETASSESS,,1,1,,1,,1,,1,1,,1,,1,1,1,,,,,,,,,,,,,,,,,,,,1,1,1,1,1,1,,
Drug and Alcohol Counsellor,20,272112,-,VETASSESS,,1,1,,1,,1,,1,1,,1,,1,1,1,,,,,,,,,,,,,,,,1,1,,,1,1,1,1,1,1,1,1
Family and Marriage Counsellor,18,272113,-,VETASSESS,,1,1,,1,,1,,1,1,,1,,1,1,1,,,,,,,,,,,,,,,,1,1,,,1,1,1,1,1,1,,
Rehabilitation Counsellor,18,272114,-,VETASSESS,,1,1,,1,,1,,1,1,,1,,1,1,1,,,,,,,,,,,,,,,,,,,,1,1,1,1,1,1,1,1
Student Counsellor,18,272115,-,VETASSESS,,1,1,,1,,1,,1,1,,1,,1,1,1,,,,,,,,,,,,,,,,1,1,,,1,1,1,1,1,1,,
Counsellors (nec),18,272199,-,VETASSESS,,1,1,,1,,1,,1,1,,1,,1,1,1,,,,,,,,,,,,,,,,1,1,,,1,1,1,1,1,1,,
Minister of religion,2,272211,-,VETASSESS,,1,,,,,,,,,,,,1,,,,,,,,,,,,,,,,,,,,,,,,,,,,,
Clinical Psychologist,28,272311,-,APS,1,,,,1,1,1,1,1,1,1,1,1,1,1,1,,,1,,1,1,,,,,,,1,1,,1,1,,,1,1,1,1,1,1,1,1
Educational Psychologist,21,272312,-,APS,1,,,,1,1,1,1,1,1,1,1,1,1,1,1,,,,,,,,,,,,,,,,1,1,,,1,1,1,1,1,1,,
Organisational Psychologist,19,272313,-,APS,1,,,,1,1,1,1,1,1,1,1,1,1,1,1,,,,,,,,,,,,,,,,,,,,1,1,1,1,1,1,,
Psychotherapist,16,272314,-,VETASSESS,,1,1,,1,,1,,1,1,,1,,1,1,1,,,,,,,,,,,,,,,,,,,,1,1,1,1,1,1,,
Psychologists (nec),26,272399,-,APS,1,,,,1,1,1,1,1,1,1,1,1,1,1,1,,,1,,,,,,,,,1,,1,,1,1,,,1,1,1,1,1,1,1,1
Historian,3,272411,-,VETASSESS,,,1,,,,1,,,,,1,,,,,,,,,,,,,,,,,,,,,,,,,,,,,,,
,,,,,,,,,,,,,,,,,,,,,,,,,,,,,,,,,,,,,,,,,,,,,,,
Interpreter,20,272412,-,NAATI,,1,1,,1,,1,,1,1,,1,,1,1,1,,,,,,,,,,,,,,,,1,1,,,1,1,1,1,1,1,1,1
Translator,12,272413,SC482,NAATI,,,1,,1,,1,,,1,,1,,1,,1,,,,,,,,,,,,,,,,,1,,,,1,,1,,1,,1
Archaeologist,3,272414,-,VETASSESS,,,1,,,,1,,,,,1,,,,,,,,,,,,,,,,,,,,,,,,,,,,,,,
Social Professionals (nec),18,272499,-,VETASSESS,,1,1,,1,,1,,1,1,,1,,1,1,1,,,,,,,,,,,,,,,,1,1,,,1,1,1,1,1,1,,
Social Worker,31,272511,-,AASW,1,,,1,1,1,1,1,1,1,1,1,1,1,1,1,,,1,,1,,,,,,,1,1,1,1,1,1,1,,1,1,1,1,1,1,1,1
Community Arts Worker,12,272611,SC482,VETASSESS,,,1,,1,,1,,,1,,1,,1,1,1,,,,,,,,,,,,,,,,,1,,,,1,,1,,1,,
"Recreation Officer (Aus) \ Recreation Coordinator
(NZ)",16,272612,-,VETASSESS,,1,1,,1,,1,,1,1,,1,,1,1,1,,,,,,,,,,,,,,,,,,,,1,1,1,1,1,1,,
Welfare Worker,24,272613,-,ACWA,,1,1,,1,,1,,1,1,,1,,1,1,1,,,1,,1,,,,,1,,1,1,1,,1,1,,,1,1,1,1,1,1,,
Agricultural Technician,10,311111,SC482,VETASSESS,,,1,,1,,1,,,1,,1,,1,,,,,,,,,,,,,,,,,,,,,,,1,,1,,1,,1
Anaesthetic Technician,16,311211,-,VETASSESS,,1,1,,1,,1,,1,1,,1,,1,,,,,,,,,,,,,,,,,,,,,,1,1,1,1,1,1,1,1
Cardiac Technician,14,311212,-,VETASSESS,,1,1,,1,,1,,1,1,,1,,1,,,,,,,,,,,,,,,,,,,,,,1,1,1,1,1,1,,
Medical Laboratory Technician,18,311213,-,AIMS,,1,1,,1,,1,,1,1,,1,,1,,,,,,,,,,,1,,1,1,,1,,,,,,1,1,1,1,1,1,,
Operating Theatre Technician,10,311214,SC482,VETASSESS,,,1,,1,,1,,,1,,1,,1,,,,,,,,,,,,,,,,,,,,,,,1,,1,,1,,1
Pharmacy Technician,18,311215,-,VETASSESS,,1,1,,1,,1,,1,1,,1,,1,,,,,,,,,,,,,,,,,,1,1,,,1,1,1,1,1,1,1,1
Pathology Collector,9,311216,SC482,AIMS,,,1,,1,,1,,,1,,1,,1,,,,,,,,,,,,,,,,,,,,,,,1,,1,,1,,
Medical Technicians (nec),16,311299,-,VETASSESS,,1,1,,1,,1,,1,1,,1,,1,,,,,,,,,,,,,,,,,,,,,,1,1,1,1,1,1,1,1
Fisheries Officer,3,311311,-,VETASSESS,,,1,,,,1,,,,,1,,,,,,,,,,,,,,,,,,,,,,,,,,,,,,,
Meat Inspector,16,311312,-,VETASSESS,,1,1,,1,,1,,1,1,,1,,1,,,,,,,,,,,,,,,,,,,,,,1,1,1,1,1,1,1,1
Quarantine Officer,3,311313,-,VETASSESS,,,1,,,,1,,,,,1,,,,,,,,,,,,,,,,,,,,,,,,,,,,,,,
Primary Products Inspectors (nec),14,311399,-,VETASSESS,,1,1,,1,,1,,1,1,,1,,1,,,,,,,,,,,,,,,,,,,,,,1,1,1,1,1,1,,
Chemistry Technician,14,311411,-,VETASSESS,,1,1,,1,,1,,1,1,,1,,1,,,,,,,,,,,,,,,,,,,,,,1,1,1,1,1,1,,
Earth Science Technician,14,311412,-,VETASSESS,,1,1,,1,,1,,1,1,,1,,1,,,,,,,,,,,,,,,,,,,,,,1,1,1,1,1,1,,
Life Science Technician,14,311413,-,VETASSESS,,1,1,,1,,1,,1,1,,1,,1,,,,,,,,,,,,,,,,,,,,,,1,1,1,1,1,1,,
School Laboratory Technician,3,311414,-,VETASSESS,,,1,,,,1,,,,,1,,,,,,,,,,,,,,,,,,,,,,,,,,,,,,,
Hydrographer,3,311415,-,VETASSESS,,,1,,,,1,,,,,1,,,,,,,,,,,,,,,,,,,,,,,,,,,,,,,
Science Technicians (nec),14,311499,-,VETASSESS,,1,1,,1,,1,,1,1,,1,,1,,,,,,,,,,,,,,,,,,,,,,1,1,1,1,1,1,,
Architectural Draftsperson,18,312111,-,VETASSESS,,1,1,,1,,1,,1,1,,1,,1,,,,,,,1,,,,,,,,,1,,1,1,,,1,1,1,1,1,1,,
Building Associate,3,312112,-,VETASSESS,,,1,,,,1,,,,,1,,,,,,,,,,,,,,,,,,,,,,,,,,,,,,,
Building Inspector,16,312113,-,VETASSESS,,1,1,,1,,1,,1,1,,1,,1,,,,,,,,,,,,,,,,,,,,,,1,1,1,1,1,1,1,1
Construction Estimator,10,312114,SC482,VETASSESS,,,1,,1,,1,,,1,,1,,1,,,,,,,,,,,,,,,,,,,1,,,,1,,1,,1,,
Plumbing Inspector,3,312115,-,VETASSESS,,,1,,,,1,,,,,1,,,,,,,,,,,,,,,,,,,,,,,,,,,,,,,
Surveying or Spatial Science Technician,11,312116,SC482,VETASSESS,,,1,,1,,1,,,1,,1,,1,,,,,,,,,,,,,,,,,,1,1,,,,1,,1,,1,,
"Architectural, Building and Surveying Technicians
nec",14,312199,-,VETASSESS,,1,1,,1,,1,,1,1,,1,,1,,,,,,,,,,,,,,,,,,,,,,1,1,1,1,1,1,,
Civil Engineering Draftsperson,29,312211,-,EA or VETASSESS,1,,,,1,1,1,1,1,1,1,1,1,1,,,1,,0,1,,0,1,,,,,1,1,1,,1,1,,,1,1,1,1,1,1,1,1
Civil Engineering Technician,29,312212,-,VETASSESS,1,,,,1,1,1,1,1,1,1,1,1,1,,,1,,0,,,,1,1,1,1,1,1,0,1,,,,,,1,1,1,1,1,1,1,1
Electrical Engineering Draftsperson,24,312311,-,EA,1,,,,1,1,1,1,1,1,1,1,1,1,,,1,,,,,,,,1,,1,1,,1,,,,,,1,1,1,1,1,1,1,1
Electrical Engineering Technician,25,312312,-,TRA,1,,,,1,1,1,1,1,1,1,1,1,1,,,1,,,,,,,,,1,,1,,1,,1,1,,,1,1,1,1,1,1,1,1
Electronic engineering draftsperson,3,312411,-,EA,,,1,,,,1,,,,,1,,,,,,,,,,,,,,,,,,,,,,,,,,,,,,,
Electronic engineering technician,3,312412,-,TRA,,,1,,,,1,,,,,1,,,,,,,,,,,,,,,,,,,,,,,,,,,,,,,
Mechanical Engineering Draftsperson,10,312511,SC482,EA,,,1,,1,,1,,,1,,1,,1,,,,,,,,,,,,,,,,,,,1,,,,1,,1,,1,,
Mechanical Engineering Technician,14,312512,-,TRA,,1,1,,1,,1,,1,1,,1,,1,,,,,,,,,,,,,,,,,,,,,,1,1,1,1,1,1,,
Safety Inspector,9,312611,SC482,VETASSESS,,,1,,1,,1,,,1,,1,,1,,,,,,,,,,,,,,,,,,,,,,,1,,1,,1,,
Maintenance Planner,11,312911,SC482,VETASSESS,,,1,1,1,,1,,,1,,1,,1,,,,,,,,,,,,,,,,,,,,,1,,1,,1,,1,,
Metallurgical or Materials Technician,14,312912,-,VETASSESS,,1,1,,1,,1,,1,1,,1,,1,,,,,,,,,,,,,,,,,,,,,,1,1,1,1,1,1,,
Mine Deputy,18,312913,-,VETASSESS,,1,1,,1,,1,,1,1,,1,,1,,,,,,,,,,,,,,,,,,1,1,,,1,1,1,1,1,1,1,1
Building and Engineering Technicians nec,15,312999,SC482,EA or VETASSESS,,,1,,1,,1,,,1,,1,,1,,,1,,,,,0,0,,,,,0,0,0,,,,,,,1,,1,,1,,
Hardware Technician,16,313111,-,TRA,,1,1,,1,,1,,1,1,,1,,1,,,,,,,,,,,,,,,,,,1,1,,,1,1,1,1,1,1,,
ICT Customer Support Officer,14,313112,-,TRA,,1,1,,1,,1,,1,1,,1,,1,,,,,,,,,,,,,,,,,,,,,,1,1,1,1,1,1,,
Web Administrator,14,313113,-,ACS,,1,1,,1,,1,,1,1,,1,,1,,,,,,,,,,,,,,,,,,,,,,1,1,1,1,1,1,,
ICT Support Technicians (nec),14,313199,-,TRA,,1,1,,1,,1,,1,1,,1,,1,,,,,,,,,,,,,,,,,,,,,,1,1,1,1,1,1,,
Radio communications Technician,17,313211,-,TRA,1,,,,1,1,1,1,1,1,1,1,1,1,,,,,,,,,,,,,,,,,,,,,,1,1,1,1,1,1,,
Telecommunications Field Engineer,17,313212,-,EA,1,,,,1,1,1,1,1,1,1,1,1,1,,,,,,,,,,,,,,,,,,,,,,1,1,1,1,1,1,,
,,,,,,,,,,,,,,,,,,,,,,,,,,,,,,,,,,,,,,,,,,,,,,,
Telecommunications Network Planner,18,313213,-,EA,1,,,,1,1,1,1,1,1,1,1,1,1,,,,,,,,,,,,,,,,1,,,,,,1,1,1,1,1,1,,
"Telecommunications Technical Officer or
Tech0logist",17,313214,-,EA,1,,,,1,1,1,1,1,1,1,1,1,1,,,,,,,,,,,,,,,,,,,,,,1,1,1,1,1,1,,
Automotive Electrician,26,321111,-,TRA,1,,,,1,1,1,1,1,1,1,1,1,1,,,,,1,,1,,,,1,1,1,1,,1,,1,1,,,1,1,1,1,1,1,,
Motor Mechanic (General),28,321211,-,TRA,1,,,,1,1,1,1,1,1,1,1,1,1,,,,,1,,1,1,,,1,1,1,1,1,1,,1,1,,,1,1,1,1,1,1,,
Diesel Motor Mechanic,29,321212,-,TRA,1,,,,1,1,1,1,1,1,1,1,1,1,,,,,1,1,1,1,,,1,1,1,1,1,1,,1,1,,,1,1,1,1,1,1,,
Motorcycle Mechanic,23,321213,-,TRA,1,,,,1,1,1,1,1,1,1,1,1,1,,,,,,,1,,,,1,,1,,,1,,1,1,,,1,1,1,1,1,1,,
Small Engine Mechanic,22,321214,-,TRA,1,,,,1,1,1,1,1,1,1,1,1,1,,,,,,,,,,,1,,1,,,1,,1,1,,,1,1,1,1,1,1,,
Blacksmith,3,322111,-,TRA,,,1,,,,1,,,,,1,,,,,,,,,,,,,,,,,,,,,,,,,,,,,,,
Electroplater,3,322112,-,TRA,,,1,,,,1,,,,,1,,,,,,,,,,,,,,,,,,,,,,,,,,,,,,,
Farrier,16,322113,-,TRA,,1,1,,1,,1,,1,1,,1,,1,,,,,,,,,,,,,,,,,,,,,,1,1,1,1,1,1,1,1
Metal Casting Trades Worker,3,322114,-,TRA,,,1,,,,1,,,,,1,,,,,,,,,,,,,,,,,,,,,,,,,,,,,,,
Metal Polisher,3,322115,-,TRA,,,1,,,,1,,,,,1,,,,,,,,,,,,,,,,,,,,,,,,,,,,,,,
Sheetmetal Trades Worker,30,322211,-,TRA,1,,,,1,1,1,1,1,1,1,1,1,1,,,,,,1,1,1,1,,1,1,1,1,1,1,1,1,1,,,1,1,1,1,1,1,,
Metal Fabricator,30,322311,-,TRA,1,,,,1,1,1,1,1,1,1,1,1,1,,,,,,1,1,1,1,1,1,1,1,1,1,1,,1,1,,,1,1,1,1,1,1,,
Pressure Welder,19,322312,-,TRA,1,,,,1,1,1,1,1,1,1,1,1,1,,,,,,,,,,,,,,,,,,1,1,,,1,1,1,1,1,1,,
Welder (First Class),29,322313,-,TRA,1,,,,1,1,1,1,1,1,1,1,1,1,,,,,1,1,1,1,,,1,1,1,1,1,1,,1,1,,,1,1,1,1,1,1,,
Aircraft Maintenance Engineer (Avionics),16,323111,-,TRA,,1,1,,1,,1,,1,1,,1,,1,,,,,,,,,,,,,,,,,,1,1,,,1,1,1,1,1,1,,
Aircraft Maintenance Engineer (Mechanical),16,323112,-,TRA,,1,1,,1,,1,,1,1,,1,,1,,,,,,,,,,,,,,,,,,1,1,,,1,1,1,1,1,1,,
Aircraft Maintenance Engineer (Structures),14,323113,-,TRA,,1,1,,1,,1,,1,1,,1,,1,,,,,,,,,,,,,,,,,,,,,,1,1,1,1,1,1,,
Fitter (General),28,323211,-,TRA,1,,,,1,1,1,1,1,1,1,1,1,1,,,,,,1,1,1,,,1,1,1,1,1,1,,1,1,,,1,1,1,1,1,1,,
Fitter and Turner,28,323212,-,TRA,1,,,,1,1,1,1,1,1,1,1,1,1,,,,,,1,1,1,,,1,1,1,1,1,1,,1,1,,,1,1,1,1,1,1,,
Fitter-Welder,29,323213,-,TRA,1,,,,1,1,1,1,1,1,1,1,1,1,,,,,1,1,1,,,1,1,1,1,1,1,1,,1,1,,,1,1,1,1,1,1,,
Metal Machinist (First Class),24,323214,-,TRA,1,,,,1,1,1,1,1,1,1,1,1,1,,,,,,1,1,1,,,,1,,1,1,1,,,,,,1,1,1,1,1,1,,
"Textile, Clothing and Footwear Mechanic",3,323215,-,TRA,,,1,,,,1,,,,,1,,,,,,,,,,,,,,,,,,,,,,,,,,,,,,,
Metal Fitters and Machinists nec,14,323299,-,TRA,,1,1,,1,,1,,1,1,,1,,1,,,,,,,,,,,,,,,,,,,,,,1,1,1,1,1,1,,
Engraver,3,323311,-,TRA,,,1,,,,1,,,,,1,,,,,,,,,,,,,,,,,,,,,,,,,,,,,,,
Gunsmith,3,323312,-,TRA,,,1,,,,1,,,,,1,,,,,,,,,,,,,,,,,,,,,,,,,,,,,,,
Locksmith,20,323313,-,TRA,1,,,,1,1,1,1,1,1,1,1,1,1,,,,,,,,,,,1,,1,,,1,,,,,,1,1,1,1,1,1,,
Precision Instrument Maker and Repairer,14,323314,-,TRA,,1,1,,1,,1,,1,1,,1,,1,,,,,,,,,,,,,,,,,,,,,,1,1,1,1,1,1,,
Saw Doctor (used to be Maker and Repairer),3,323315,-,TRA,,,1,,,,1,,,,,1,,,,,,,,,,,,,,,,,,,,,,,,,,,,,,,
Watch and Clock Maker and Repairer,3,323316,-,TRA,,,1,,,,1,,,,,1,,,,,,,,,,,,,,,,,,,,,,,,,,,,,,,
Engineering Patternmaker,3,323411,-,TRA,,,1,,,,1,,,,,1,,,,,,,,,,,,,,,,,,,,,,,,,,,,,,,
Toolmaker,14,323412,-,TRA,,1,1,,1,,1,,1,1,,1,,1,,,,,,,,,,,,,,,,,,,,,,1,1,1,1,1,1,,
Panelbeater,23,324111,-,TRA,1,,,,1,1,1,1,1,1,1,1,1,1,,,,,,,1,,,,,1,,1,,1,,1,1,,,1,1,1,1,1,1,,
Vehicle Body Builder,14,324211,-,TRA,,1,1,,1,,1,,1,1,,1,,1,,,,,,,,,,,,,,,,,,,,,,1,1,1,1,1,1,,
Vehicle Trimmer,14,324212,-,TRA,,1,1,,1,,1,,1,1,,1,,1,,,,,,,,,,,,,,,,,,,,,,1,1,1,1,1,1,,
Vehicle Painter,10,324311,SC482,TRA,,,1,,1,,1,,,1,,1,,1,,,,,,,,,,,,,,,,,,,1,,,,1,,1,,1,,
Bricklayer,22,331111,-,TRA,1,,,,1,1,1,1,1,1,1,1,1,1,,,,,,1,1,,,,,,,1,,1,1,,,,,1,1,1,1,1,1,,
Stonemason,20,331112,-,TRA,1,,,,1,1,1,1,1,1,1,1,1,1,,,,,,1,,,,,,,,,1,1,,,,,,1,1,1,1,1,1,,
Carpenter and Joiner,28,331211,-,TRA,1,,,,1,1,1,1,1,1,1,1,1,1,1,1,,,,,1,1,,,,1,,1,1,1,1,1,1,,,1,1,1,1,1,1,,
Carpenter,28,331212,-,TRA,1,,,,1,1,1,1,1,1,1,1,1,1,1,1,,,1,,1,1,,,,1,,1,1,1,,1,1,,,1,1,1,1,1,1,,
Joiner,25,331213,-,TRA,1,,,,1,1,1,1,1,1,1,1,1,1,1,1,,,1,,1,,,,,,,1,,1,,1,1,,,1,1,1,1,1,1,,
Floor Finisher,9,332111,SC482,TRA,,,1,,1,,1,,,1,,1,,1,,,,,,,,,,,,,,,,,,,,,,,1,,1,,1,,
Painting Trades Worker,17,332211,-,TRA,1,,,,1,1,1,1,1,1,1,1,1,1,,,,,,,,,,,,,,,,,,,,,,1,1,1,1,1,1,,
Glazier,21,333111,-,TRA,1,,,,1,1,1,1,1,1,1,1,1,1,,,,,,,,,,,,,,1,,1,,1,1,,,1,1,1,1,1,1,,
Fibrous Plasterer,21,333211,-,TRA,1,,,,1,1,1,1,1,1,1,1,1,1,,,,,,,1,,,,,,,1,1,1,,,,,,1,1,1,1,1,1,,
Solid Plasterer,17,333212,-,TRA,1,,,,1,1,1,1,1,1,1,1,1,1,,,,,,,,,,,,,,,,,,,,,,1,1,1,1,1,1,,
Roof Tiler,14,333311,-,TRA,,1,1,,1,,1,,1,1,,1,,1,,,,,,,,,,,,,,,,,,,,,,1,1,1,1,1,1,,
Wall and Floor Tiler,23,333411,-,TRA,1,,,,1,1,1,1,1,1,1,1,1,1,,,,,,1,1,,,,,,,1,1,1,1,,,,,1,1,1,1,1,1,,
Plumber (General),27,334111,-,TRA,1,,,,1,1,1,1,1,1,1,1,1,1,,,,,1,1,1,,,,,1,,1,1,1,1,1,1,,,1,1,1,1,1,1,,
Airconditioning and Mechanical Services Plumber,17,334112,-,TRA,1,,,,1,1,1,1,1,1,1,1,1,1,,,,,,,,,,,,,,,,,,,,,,1,1,1,1,1,1,,
Drainer,22,334113,-,TRA,1,,,,1,1,1,1,1,1,1,1,1,1,,,,,,,1,,,,1,,1,1,,1,,,,,,1,1,1,1,1,1,,
,,,,,,,,,,,,,,,,,,,,,,,,,,,,,,,,,,,,,,,,,,,,,,,
Gasfitter,22,334114,-,TRA,1,,,,1,1,1,1,1,1,1,1,1,1,,,,,,,1,,,,,,,1,,1,,1,1,,,1,1,1,1,1,1,,
Roof Plumber,20,334115,-,TRA,1,,,,1,1,1,1,1,1,1,1,1,1,,,,,,,1,,,,,,,1,,1,,,,,,1,1,1,1,1,1,,
Electrician (General),24,341111,-,TRA,1,,,,1,1,1,1,1,1,1,1,1,1,,,,,1,,1,,,,,,,1,1,1,,1,1,,,1,1,1,1,1,1,,
Electrician (Special Class),17,341112,-,TRA,1,,,,1,1,1,1,1,1,1,1,1,1,,,,,,,,,,,,,,,,,,,,,,1,1,1,1,1,1,,
Lift Mechanic,17,341113,-,TRA,1,,,,1,1,1,1,1,1,1,1,1,1,,,,,,,,,,,,,,,,,,,,,,1,1,1,1,1,1,,
Airconditioning and Refrigeration Mechanic,26,342111,-,TRA,1,,,,1,1,1,1,1,1,1,1,1,1,1,1,,,,,,,,1,,1,,1,1,1,,1,1,,,1,1,1,1,1,1,,
Electrical Linesworker,10,342211,SC482,TRA,,,1,,1,,1,,,1,,1,,1,,,,,,,,,,,,,,,,,,,1,,,,1,,1,,1,,
Technical Cable Jointer,19,342212,-,TRA,1,,,,1,1,1,1,1,1,1,1,1,1,,,,,,,,,,,,,,,1,1,,,,,,1,1,1,1,1,1,,
Business Machine Mechanic,14,342311,-,TRA,,1,1,,1,,1,,1,1,,1,,1,,,,,,,,,,,,,,,,,,,,,,1,1,1,1,1,1,,
Communications Operator,3,342312,-,TRA,,,1,,,,1,,,,,1,,,,,,,,,,,,,,,,,,,,,,,,,,,,,,,
Electronic Equipment Trades Worker,18,342313,-,TRA,1,,,,1,1,1,1,1,1,1,1,1,1,,,,,,,,,,,,,,,,1,,,,,,1,1,1,1,1,1,,
Electronic Instrument Trades Worker (General),22,342314,-,TRA,1,,,,1,1,1,1,1,1,1,1,1,1,,,,,,,,,,,1,,1,,,1,,1,1,,,1,1,1,1,1,1,,
"Electronic Instrument Trades Worker (Special
Class)",19,342315,-,TRA,1,,,,1,1,1,1,1,1,1,1,1,1,,,,,,,,,,,,,,,,,,1,1,,,1,1,1,1,1,1,,
Cabler (Data and Telecommunications),16,342411,-,TRA,,1,1,,1,,1,,1,1,,1,,1,,,,,,,,,,,,,,,,,,1,1,,,1,1,1,1,1,1,,
Telecommunications Cable Jointer,3,342412,-,TRA,,,1,,,,1,,,,,1,,,,,,,,,,,,,,,,,,,,,,,,,,,,,,,
Telecommunications Linesworker,18,342413,-,TRA,,1,1,,1,,1,,1,1,,1,,1,,,,,,,,,,,,,,,,,,1,1,,,1,1,1,1,1,1,1,1
Telecommunications Technician,3,342414,-,TRA,,,1,,,,1,,,,,1,,,,,,,,,,,,,,,,,,,,,,,,,,,,,,,
Baker,25,351111,SC482,TRA,,1,1,,1,,1,,1,1,,1,,1,,,,,1,1,1,,,,1,1,1,1,1,1,,1,1,,,1,1,1,1,1,1,,
Pastrycook,24,351112,SC482,TRA,,1,1,,1,,1,,1,1,,1,,1,,,,,,1,1,,,1,1,,1,1,1,1,,1,1,,,1,1,1,1,1,1,,
Butcher or Smallgoods Maker,21,351211,-,TRA,,1,1,,1,,1,,1,1,,1,,1,,,,,,,1,,,,1,,1,1,,1,,1,1,,,1,1,1,1,1,1,,
Chef,35,351311,SC482 & 186,TRA,1,,,,1,1,1,1,1,1,1,1,1,1,1,1,,,1,1,1,1,1,1,1,1,1,1,1,1,,1,1,,,0,0,1,1,1,1,1,1
Cook,24,351411,SC482,TRA,,1,1,,1,,1,,1,1,,1,,1,,,,,1,,1,1,1,1,,1,,1,1,1,,1,1,,,,0,1,1,1,1,,
Dog Handler or Trainer,13,361111,-,VETASSESS,,1,1,,1,,1,,1,1,,1,,1,,,,,,,,,,,,,,,,,,,,,,,1,1,1,1,1,,
Horse Trainer,20,361112,-,TRA,1,,,,1,1,1,1,1,1,1,1,1,1,,,,,,,1,,1,,,,,,,1,,,,,,1,1,1,1,1,1,,
Pet Groomer,3,361113,-,VETASSESS,,,1,,,,1,,,,,1,,,,,,,,,,,,,,,,,,,,,,,,,,,,,,,
Zookeeper,9,361114,SC482,VETASSESS,,,1,,1,,1,,,1,,1,,1,,,,,,,,,,,,,,,,,,,,,,,1,,1,,1,,
Kennel Hand,3,361115,-,VETASSESS,,,1,,,,1,,,,,1,,,,,,,,,,,,,,,,,,,,,,,,,,,,,,,
Animal Attendants and Trainers (nec),14,361199,SC482,VETASSESS,,1,1,,1,,1,,1,1,,1,,1,,,,,,,,,,,,,,,,,,,,,,1,1,1,1,1,1,,
Shearer,3,361211,-,VETASSESS,,,1,,,,1,,,,,1,,,,,,,,,,,,,,,,,,,,,,,,,,,,,,,
Veterinary Nurse,18,361311,-,VETASSESS,,1,1,,1,,1,,1,1,,1,,1,,,,,,,,,,,,,,,,,,1,1,,,1,1,1,1,1,1,1,1
Florist,16,362111,-,TRA,,1,1,,1,,1,,1,1,,1,,1,,,,,,,,,,,1,,1,,,,,,,,,1,1,1,1,1,1,,
Gardener (General),15,362211,-,TRA,,1,1,,1,,1,,1,1,,1,,1,1,1,,,,,,,,,,,,,,,,,,,,,1,1,1,1,1,,
Arborist,18,362212,-,TRA,,1,1,,1,,1,,1,1,,1,,1,1,1,,,,,,,,,,,,,,,,1,1,,,1,1,1,1,1,1,,
Landscape Gardener,18,362213,-,TRA,,1,1,,1,,1,,1,1,,1,,1,1,1,,,,,,,,,,,,,,,,1,1,,,1,1,1,1,1,1,,
Greenkeeper,14,362311,-,TRA,,1,1,,1,,1,,1,1,,1,,1,,,,,,,,,,,,,,,,,,,,,,1,1,1,1,1,1,,
Nurseryperson,9,362411,SC482,TRA,,,1,,1,,1,,,1,,1,,1,,,,,,,,,,,,,,,,,,,,,,,1,,1,,1,,
Hairdresser,20,391111,-,TRA,,1,1,,1,,1,,1,1,,1,,1,1,1,,,,,,,,,,1,,,,1,,1,1,,,1,1,1,1,1,1,,
Print Finisher,14,392111,-,TRA,,1,1,,1,,1,,1,1,,1,,1,,,,,,,,,,,,,,,,,,,,,,1,1,1,1,1,1,,
Screen Printer,3,392112,-,TRA,,,1,,,,1,,,,,1,,,,,,,,,,,,,,,,,,,,,,,,,,,,,,,
Graphic Pre-press Trades Worker,3,392211,-,TRA,,,1,,,,1,,,,,1,,,,,,,,,,,,,,,,,,,,,,,,,,,,,,,
Printing Machinist,14,392311,-,TRA,,1,1,,1,,1,,1,1,,1,,1,,,,,,,,,,,,,,,,,,,,,,1,1,1,1,1,1,,
Small Offset Printer,3,392312,-,TRA,,,1,,,,1,,,,,1,,,,,,,,,,,,,,,,,,,,,,,,,,,,,,,
Canvas Goods Fabricator,3,393111,-,TRA,,,1,,,,1,,,,,1,,,,,,,,,,,,,,,,,,,,,,,,,,,,,,,
Leather Goods Maker,3,393112,-,TRA,,,1,,,,1,,,,,1,,,,,,,,,,,,,,,,,,,,,,,,,,,,,,,
Sail Maker,3,393113,-,TRA,,,1,,,,1,,,,,1,,,,,,,,,,,,,,,,,,,,,,,,,,,,,,,
Shoemaker,3,393114,-,TRA,,,1,,,,1,,,,,1,,,,,,,,,,,,,,,,,,,,,,,,,,,,,,,
Apparel Cutter,3,393211,-,TRA,,,1,,,,1,,,,,1,,,,,,,,,,,,,,,,,,,,,,,,,,,,,,,
Clothing Patternmaker,3,393212,-,TRA,,,1,,,,1,,,,,1,,,,,,,,,,,,,,,,,,,,,,,,,,,,,,,
Dressmaker or Tailor,14,393213,-,TRA,,1,1,,1,,1,,1,1,,1,,1,,,,,,,,,,,,,,,,,,,,,,1,1,1,1,1,1,,
Clothing Trades Workers (nec),3,393299,-,VETASSESS,,,1,,,,1,,,,,1,,,,,,,,,,,,,,,,,,,,,,,,,,,,,,,
Upholsterer,14,393311,-,TRA,,1,1,,1,,1,,1,1,,1,,1,,,,,,,,,,,,,,,,,,,,,,1,1,1,1,1,1,,
Cabinetmaker,26,394111,-,TRA,1,,,,1,1,1,1,1,1,1,1,1,1,,,,,1,,1,,,,1,1,1,1,,1,,1,1,,,1,1,1,1,1,1,,
Furniture Finisher,14,394211,-,TRA,,1,1,,1,,1,,1,1,,1,,1,,,,,,,,,,,,,,,,,,,,,,1,1,1,1,1,1,,
,,,,,,,,,,,,,,,,,,,,,,,,,,,,,,,,,,,,,,,,,,,,,,,
Picture Framer,3,394212,-,TRA,,,1,,,,1,,,,,1,,,,,,,,,,,,,,,,,,,,,,,,,,,,,,,
Wood Machinist,14,394213,-,TRA,,1,1,,1,,1,,1,1,,1,,1,,,,,,,,,,,,,,,,,,,,,,1,1,1,1,1,1,,
Wood Turner,3,394214,-,TRA,,,1,,,,1,,,,,1,,,,,,,,,,,,,,,,,,,,,,,,,,,,,,,
"Wood Machinists and Other Wood Trades
Workers nec",14,394299,-,TRA,,1,1,,1,,1,,1,1,,1,,1,,,,,,,,,,,,,,,,,,,,,,1,1,1,1,1,1,,
Boat Builder and Repairer,17,399111,-,TRA,1,,,,1,1,1,1,1,1,1,1,1,1,,,,,,,,,,,,,,,,,,,,,,1,1,1,1,1,1,,
Shipwright,17,399112,-,TRA,1,,,,1,1,1,1,1,1,1,1,1,1,,,,,,,,,,,,,,,,,,,,,,1,1,1,1,1,1,,
Chemical Plant Operator,3,399211,-,TRA,,,1,,,,1,,,,,1,,,,,,,,,,,,,,,,,,,,,,,,,,,,,,,
Gas or Petroleum Operator,10,399212,SC482,TRA,,,1,,1,,1,,,1,,1,,1,,,,,,,,,,,,,,,,,,,1,,,,1,,1,,1,,
Power Generation Plant Operator,14,399213,-,TRA,,1,1,,1,,1,,1,1,,1,,1,,,,,,,,,,,,,,,,,,,,,,1,1,1,1,1,1,,
Gallery or Museum Technician,3,399311,-,TRA,,,1,,,,1,,,,,1,,,,,,,,,,,,,,,,,,,,,,,,,,,,,,,
Library Technician,3,399312,-,VETASSESS,,,1,,,,1,,,,,1,,,,,,,,,,,,,,,,,,,,,,,,,,,,,,,
Jeweler,14,399411,-,TRA,,1,1,,1,,1,,1,1,,1,,1,,,,,,,,,,,,,,,,,,,,,,1,1,1,1,1,1,,
Broadcast Transmitter Operator,3,399511,-,TRA,,,1,,,,1,,,,,1,,,,,,,,,,,,,,,,,,,,,,,,,,,,,,,
"Camera Operator (Film, Television or Video)",16,399512,-,TRA,,1,1,,1,,1,,1,1,,1,,1,,,,,,,,,,,,,,,,,,1,1,,,1,1,1,1,1,1,,
Light Technician,3,399513,-,TRA,,,1,,,,1,,,,,1,,,,,,,,,,,,,,,,,,,,,,,,,,,,,,,
Make Up Artist,14,399514,-,TRA,,1,1,,1,,1,,1,1,,1,,1,,,,,,,,,,,,,,,,,,,,,,1,1,1,1,1,1,,
Musical Instrument Maker or Repairer,3,399515,-,TRA,,,1,,,,1,,,,,1,,,,,,,,,,,,,,,,,,,,,,,,,,,,,,,
Sound Technician,16,399516,-,TRA,,1,1,,1,,1,,1,1,,1,,1,,,,,,,,,,,,,,,,,,1,1,,,1,1,1,1,1,1,,
Television Equipment Operator,3,399517,-,TRA,,,1,,,,1,,,,,1,,,,,,,,,,,,,,,,,,,,,,,,,,,,,,,
Performing Arts Technicians (nec),14,399599,-,VETASSESS,,1,1,,1,,1,,1,1,,1,,1,,,,,,,,,,,,,,,,,,,,,,1,1,1,1,1,1,,
Signwriter,14,399611,-,TRA,,1,1,,1,,1,,1,1,,1,,1,,,,,,,,,,,,,,,,,,,,,,1,1,1,1,1,1,,
Diver,3,399911,-,VETASSESS,,,1,,,,1,,,,,1,,,,,,,,,,,,,,,,,,,,,,,,,,,,,,,
Interior Decorator,3,399912,-,VETASSESS,,,1,,,,1,,,,,1,,,,,,,,,,,,,,,,,,,,,,,,,,,,,,,
Optical Dispenser (Aus) \ Dispensing Optician (NZ),3,399913,-,TRA,,,1,,,,1,,,,,1,,,,,,,,,,,,,,,,,,,,,,,,,,,,,,,
Optical Mechanic,3,399914,-,TRA,,,1,,,,1,,,,,1,,,,,,,,,,,,,,,,,,,,,,,,,,,,,,,
Photographer's Assistant,3,399915,-,VETASSESS,,,1,,,,1,,,,,1,,,,,,,,,,,,,,,,,,,,,,,,,,,,,,,
Plastics Technician,3,399916,-,TRA,,,1,,,,1,,,,,1,,,,,,,,,,,,,,,,,,,,,,,,,,,,,,,
Wool Classer,3,399917,-,TRA,,,1,,,,1,,,,,1,,,,,,,,,,,,,,,,,,,,,,,,,,,,,,,
Fire Protection Equipment Technician,3,399918,-,TRA,,,1,,,,1,,,,,1,,,,,,,,,,,,,,,,,,,,,,,,,,,,,,,
Technicians and Trades Workers (nec),3,399999,-,TRA,,,1,,,,1,,,,,1,,,,,,,,,,,,,,,,,,,,,,,,,,,,,,,
Ambulance Officer,14,411111,-,VETASSESS,,1,1,,1,,1,,1,1,,1,,1,,,,,,,,,,,,,,,,,,,,,,1,1,1,1,1,1,,
Intensive Care Ambulance Paramedic,14,411112,-,VETASSESS,,1,1,,1,,1,,1,1,,1,,1,,,,,,,,,,,,,,,,,,,,,,1,1,1,1,1,1,,
Dental Hygienist,9,411211,SC482,VETASSESS,,,1,,1,,1,,,1,,1,,1,,,,,,,,,,,,,,,,,,,,,,,1,,1,,1,,
Dental Prosthetist,3,411212,-,TRA,,,1,,,,1,,,,,1,,,,,,,,,,,,,,,,,,,,,,,,,,,,,,,
Dental Technician,16,411213,-,TRA,,1,1,,1,,1,,1,1,,1,,1,,,,,,,,,,,,,,,,,,1,1,,,1,1,1,1,1,1,,
Dental Therapist,10,411214,SC482,VETASSESS,,,1,,1,,1,,,1,,1,,1,,,,,,,,,,,,,,,,,,,1,,,,1,,1,,1,,
Diversional Therapist,16,411311,-,VETASSESS,,1,1,,1,,1,,1,1,,1,,1,,,,,,,,,,,,,,,,,,1,1,,,1,1,1,1,1,1,,
Enrolled Nurse,20,411411,-,ANMAC,,1,1,,1,,1,,1,1,,1,,1,,,,,,,,1,,,,,,1,1,1,,1,1,,,1,1,1,1,1,1,,
Mothercraft Nurse,3,411412,-,VETASSESS,,,1,,,,1,,,,,1,,,,,,,,,,,,,,,,,,,,,,,,,,,,,,,
"Aboriginal and Torres Strait Islander Health
Worker",3,411511,-,VETASSESS,,,1,,,,1,,,,,1,,,,,,,,,,,,,,,,,,,,,,,,,,,,,,,
Kaiawhina (Hauora) (Maori Health Assistant),2,411512,-,-,,,1,,,,1,,,,,,,,,,,,,,,,,,,,,,,,,,,,,,,,,,,,
Massage Therapist,13,411611,SC482,VETASSESS,,1,1,,1,,1,,1,1,,1,,1,,,,,,,,,,,,,,,,,,,,,,,1,1,1,1,1,,
Community Worker,22,411711,-,ACWA,,1,1,,1,,1,,1,1,,1,,1,1,1,,,,,,,,,,,,1,,1,,1,1,,,1,1,1,1,1,1,1,1
Disabilities Services Officer,20,411712,-,ACWA,,1,1,,1,,1,,1,1,,1,,1,1,1,,,,,,,,,,,,,,,,1,1,,,1,1,1,1,1,1,1,1
Family Support Worker,18,411713,-,ACWA,,1,1,,1,,1,,1,1,,1,,1,1,1,,,,,,,,,,,,,,,,1,1,,,1,1,1,1,1,1,,
Parole or Probation Officer,3,411714,-,-,,,1,,,,1,,,,,1,,,,,,,,,,,,,,,,,,,,,,,,,,,,,,,
Residential Care Officer,18,411715,-,ACWA,,1,1,,1,,1,,1,1,,1,,1,1,1,,,,,,,,,,,,,,,,,,,,1,1,1,1,1,1,1,1
Youth Worker,18,411716,-,ACWA,,1,1,,1,,1,,1,1,,1,,1,1,1,,,,,,,,,,,,,,,,1,1,,,1,1,1,1,1,1,,
Child Care Group Leader,3,421111,-,ACECQA,,,1,,,,1,,,,,1,,,,,,,,,,,,,,,,,,,,,,,,,,,,,,,
Hotel Service Manager,3,431411,-,VETASSESS,,,1,,,,1,,,,,1,,,,,,,,,,,,,,,,,,,,,,,,,,,,,,,
Defence Force Member - Other Ranks,2,441111,-,-,,,1,,,,1,,,,,,,,,,,,,,,,,,,,,,,,,,,,,,,,,,,,
,,,,,,,,,,,,,,,,,,,,,,,,,,,,,,,,,,,,,,,,,,,,,,,
Emergency Service Worker,10,441211,SC482,VETASSESS,,,1,,1,,1,,,1,,1,,1,,,,,,,,,,,,,,,,,,,,,,,1,,1,,1,,1
Fire Fighter,2,441212,-,-,,,1,,,,1,,,,,,,,,,,,,,,,,,,,,,,,,,,,,,,,,,,,
Detective,2,441311,-,-,,,1,,,,1,,,,,,,,,,,,,,,,,,,,,,,,,,,,,,,,,,,,
Police Officer,2,441312,-,-,,,1,,,,1,,,,,,,,,,,,,,,,,,,,,,,,,,,,,,,,,,,,
Security Consultant,3,442216,-,VETASSESS,,,1,,,,1,,,,,1,,,,,,,,,,,,,,,,,,,,,,,,,,,,,,,
Driving Instructor,10,451211,SC482,VETASSESS,,,1,,1,,1,,,1,,1,,1,,,,,,,,,,,,,,,,,,,1,,,,1,,1,,1,,
Funeral Director,3,451311,-,VETASSESS,,,1,,,,1,,,,,1,,,,,,,,,,,,,,,,,,,,,,,,,,,,,,,
Funeral Workers (nec),10,451399,SC482,VETASSESS,,,1,,1,,1,,,1,,1,,1,,,,,,,,,,,,,,,,,,,,,,,1,,1,,1,,1
Flight Attendant,9,451711,SC482,VETASSESS,,,1,,1,,1,,,1,,1,,1,,,,,,,,,,,,,,,,,,,,,,,1,,1,,1,,
Travel Attendants (nec),3,451799,-,VETASSESS,,,1,,,,1,,,,,1,,,,,,,,,,,,,,,,,,,,,,,,,,,,,,,
First Aid Trainer,10,451815,SC482,VETASSESS,,,1,,1,,1,,,1,,1,,1,,,,,,,,,,,,,,,,,,,1,,,,1,,1,,1,,
Diving Instructor (Open Water),14,452311,-,VETASSESS,,1,1,,1,,1,,1,1,,1,,1,,,,,,,,,,,,,,,,,,,,,,1,1,1,1,1,1,,
Gymnastics Coach or Instructor,14,452312,-,VETASSESS,,1,1,,1,,1,,1,1,,1,,1,,,,,,,,,,,,,,,,,,,,,,1,1,1,1,1,1,,
Horse Riding Coach or Instructor,14,452313,-,VETASSESS,,1,1,,1,,1,,1,1,,1,,1,,,,,,,,,,,,,,,,,,,,,,1,1,1,1,1,1,,
S0wsport Instructor,12,452314,-,VETASSESS,,1,1,,1,,1,,1,1,,1,,1,,,,,,,,,,,,,,,,,,,,,,,,1,1,1,1,,
Swimming Coach or Instructor,16,452315,-,VETASSESS,,1,1,,1,,1,,1,1,,1,,1,,,,,,,,,,,,,,,,,,1,1,,,1,1,1,1,1,1,,
Tennis Coach,17,452316,-,VETASSESS,1,,,,1,1,1,1,1,1,1,1,1,1,,,,,,,,,,,,,,,,,,,,,,1,1,1,1,1,1,,
Other Sports Coach or Instructor,14,452317,-,VETASSESS,,1,1,,1,,1,,1,1,,1,,1,,,,,,,,,,,,,,,,,,,,,,1,1,1,1,1,1,,
Dog or Horse Racing Official,3,452318,-,VETASSESS,,,1,,,,1,,,,,1,,,,,,,,,,,,,,,,,,,,,,,,,,,,,,,
Sports Development Officer,16,452321,-,VETASSESS,,1,1,,1,,1,,1,1,,1,,1,1,1,,,,,,,,,,,,,,,,,,,,1,1,1,1,1,1,,
Sports Umpire,3,452322,-,VETASSESS,,,1,,,,1,,,,,1,,,,,,,,,,,,,,,,,,,,,,,,,,,,,,,
Other Sports Official,3,452323,-,VETASSESS,,,1,,,,1,,,,,1,,,,,,,,,,,,,,,,,,,,,,,,,,,,,,,
Footballer,19,452411,SC482 & 186,VETASSESS,1,,,,1,1,1,1,1,1,1,1,1,1,,,,,,,,,,,1,,1,,,,,,,,,1,1,1,1,1,1,,
Golfer,3,452412,-,VETASSESS,,,1,,,,1,,,,,1,,,,,,,,,,,,,,,,,,,,,,,,,,,,,,,
Jockey,9,452413,SC482,TRA,,,1,,1,,1,,,1,,1,,1,,,,,,,,,,,,,,,,,,,,,,,1,,1,,1,,
Lifeguard,3,452414,-,VETASSESS,,,1,,,,1,,,,,1,,,,,,,,,,,,,,,,,,,,,,,,,,,,,,,
Sportspersons (nec),14,452499,-,VETASSESS,,1,1,,1,,1,,1,1,,1,,1,,,,,,,,,,,,,,,,,,,,,,1,1,1,1,1,1,,
Contract Administrator,18,511111,-,VETASSESS,,1,1,,1,,1,,1,1,,1,,1,1,1,,,,,,,,,,,,,,,,1,1,,,1,1,1,1,1,1,,
Program or Project Administrator,22,511112,-,VETASSESS,,1,1,,1,,1,,1,1,,1,,1,1,1,,,,,,,1,,,,,1,1,1,,1,1,,,1,1,1,1,1,1,,
Office Manager,3,512111,-,VETASSESS,,,1,,,,1,,,,,1,,,,,,,,,,,,,,,,,,,,,,,,,,,,,,,
Health Practice Manager,3,512211,-,VETASSESS,,,1,,,,1,,,,,1,,,,,,,,,,,,,,,,,,,,,,,,,,,,,,,
Practice Managers (nec),3,512299,-,VETASSESS,,,1,,,,1,,,,,1,,,,,,,,,,,,,,,,,,,,,,,,,,,,,,,
Personal Assistant,3,521111,-,VETASSESS,,,1,,,,1,,,,,1,,,,,,,,,,,,,,,,,,,,,,,,,,,,,,,
Secretary (General),3,521211,-,VETASSESS,,,1,,,,1,,,,,1,,,,,,,,,,,,,,,,,,,,,,,,,,,,,,,
Legal Secretary,3,521212,-,VETASSESS,,,1,,,,1,,,,,1,,,,,,,,,,,,,,,,,,,,,,,,,,,,,,,
Call or Contact Centre Team Leader,3,541111,-,VETASSESS,,,1,,,,1,,,,,1,,,,,,,,,,,,,,,,,,,,,,,,,,,,,,,
Conveyancer,3,599111,-,VETASSESS,,,1,,,,1,,,,,1,,,,,,,,,,,,,,,,,,,,,,,,,,,,,,,
Legal Executive,3,599112,-,VETASSESS,,,1,,,,1,,,,,1,,,,,,,,,,,,,,,,,,,,,,,,,,,,,,,
Clerk of Court,3,599211,-,VETASSESS,,,1,,,,1,,,,,1,,,,,,,,,,,,,,,,,,,,,,,,,,,,,,,
"Court Bailiff or Sheriff (Aus) \ Court Collections
Officer (NZ)",3,599212,-,VETASSESS,,,1,,,,1,,,,,1,,,,,,,,,,,,,,,,,,,,,,,,,,,,,,,
Court Orderly (Aus) \ Court Registry Officer (NZ),3,599213,-,VETASSESS,,,1,,,,1,,,,,1,,,,,,,,,,,,,,,,,,,,,,,,,,,,,,,
Law Clerk,3,599214,-,VETASSESS,,,1,,,,1,,,,,1,,,,,,,,,,,,,,,,,,,,,,,,,,,,,,,
Trust Officer,3,599215,-,VETASSESS,,,1,,,,1,,,,,1,,,,,,,,,,,,,,,,,,,,,,,,,,,,,,,
Insurance Investigator,3,599611,-,VETASSESS,,,1,,,,1,,,,,1,,,,,,,,,,,,,,,,,,,,,,,,,,,,,,,
Insurance Loss Adjuster,14,599612,-,VETASSESS,,1,1,,1,,1,,1,1,,1,,1,,,,,,,,,,,,,,,,,,,,,,1,1,1,1,1,1,,
Insurance Risk Surveyor,3,599613,-,VETASSESS,,,1,,,,1,,,,,1,,,,,,,,,,,,,,,,,,,,,,,,,,,,,,,
Clinical Coder,10,599915,SC482,VETASSESS,,,1,,1,,1,,,1,,1,,1,,,,,,,,,,,,,,,,,,,1,,,,1,,1,,1,,
Auctioneer,3,611111,-,VETASSESS,,,1,,,,1,,,,,1,,,,,,,,,,,,,,,,,,,,,,,,,,,,,,,
Stock and Station Agent,3,611112,-,VETASSESS,,,1,,,,1,,,,,1,,,,,,,,,,,,,,,,,,,,,,,,,,,,,,,
Insurance Agent,16,611211,-,VETASSESS,,1,1,,1,,1,,1,1,,1,,1,,,,,,,,,,,,,,,,,,1,1,,,1,1,1,1,1,1,,
Business Broker,3,612111,-,VETASSESS,,,1,,,,1,,,,,1,,,,,,,,,,,,,,,,,,,,,,,,,,,,,,,
Property Manager,10,612112,SC482,VETASSESS,,,1,,1,,1,,,1,,1,,1,,,,,,,,,,,,,,,,,,,1,,,,1,,1,,1,,